,Name,Tm,mlbID
1,Fernando Abad,Colorado,472551
2,Andrew Abbott,Cincinnati,671096
3,Cory Abbott,Washington,676265
4,Albert Abreu,"Kansas City,New York,Texas",656061
5,Bryan Abreu,Houston,650556
6,Domingo Acevedo,Oakland,642758
7,Garrett Acton,Oakland,670183
8,Jason Adam,Tampa Bay,592094
9,Austin Adams,"Arizona,Oakland,San Diego",613534
10,Ty Adcock,Seattle,686654
11,Joan Adon,Washington,672851
12,Ehire Adrianza,Washington,501303
13,Keegan Akin,Baltimore,669211
14,Hanser Alberto,"Chicago,Los Angeles",593643
15,Jorge Alcal\xc3\xa1,Minnesota,660896
16,Sandy Alc\xc3\xa1ntara,Miami,645261
17,Jason Alexander,Milwaukee,669920
18,Scott Alexander,"Oakland,San Francisco",518397
19,Tyler Alexander,"Detroit,Tampa Bay",641302
20,A.J. Alexy,Texas,669935
21,Kolby Allard,"Atlanta,Texas",663465
22,Cam Alldred,Pittsburgh,682027
23,Logan Allen,"Arizona,Baltimore,Cleveland",663531
24,Logan Allen,Cleveland,671106
25,Yency Almonte,"Chicago,Los Angeles",622075
27,Jos\xc3\xa9 Alvarado,Philadelphia,621237
28,Jos\xc3\xa9 \xc3\x81lvarez,San Francisco,501625
29,R.J. Alvarez,New York,571439
30,Adbert Alzolay,Chicago,640470
31,Chase Anderson,"Boston,Cincinnati,Colorado,Tampa Bay",502624
32,Grant Anderson,Texas,681982
33,Ian Anderson,Atlanta,666120
34,Justin Anderson,Chicago,605121
35,Nick Anderson,"Atlanta,Kansas City",623433
36,Shaun Anderson,"Texas,Toronto",641312
37,Tyler Anderson,Los Angeles,542881
38,Clayton Andrews,"Milwaukee,New York",677076
39,Matt Andriese,Miami,542882
40,Tejay Antone,Cincinnati,622088
41,Mark Appel,Philadelphia,571446
42,V\xc3\xadctor Arano,Washington,644364
43,Chris Archer,Minnesota,502042
44,Orlando Arcia,Atlanta,606115
45,Kohei Arihara,Texas,685503
46,Shawn Armstrong,"Miami,Tampa Bay",542888
47,Spencer Arrighetti,Houston,681293
48,Aaron Ashby,Milwaukee,676879
49,Graham Ashcraft,Cincinnati,668933
50,Javier Assad,Chicago,665871
51,Willians Astudillo,Miami,553902
53,Nick Avila,San Francisco,687014
54,Pedro Avila,"Cleveland,San Diego",658648
55,Sam Bachman,Los Angeles,696147
56,Michel B\xc3\xa1ez,San Diego,673258
57,Pedro B\xc3\xa1ez,Houston,520980
58,Bryan Baker,Baltimore,641329
59,Jordan Balazovic,Minnesota,666364
60,Anthony Banda,"Los Angeles,New York,Pittsburgh,Toronto,Washington",607455
61,Tanner Banks,Chicago,621383
62,Manny Banuelos,"New York,Pittsburgh",544365
63,Daniel Bard,Colorado,453268
64,Luke Bard,"New York,Tampa Bay",572703
65,Luke Barker,Milwaukee,673316
66,Joe Barlow,Texas,669618
67,Scott Barlow,"Cleveland,Kansas City,San Diego",605130
68,Jacob Barnes,"Detroit,New York,St. Louis,Washington",606930
69,Matt Barnes,"Boston,Miami,Washington",598264
70,Tucker Barnhart,"Chicago,Detroit",571466
71,Kyle Barraclough,"Boston,Los Angeles",607457
72,Jaime Barria,Los Angeles,642545
73,Anthony Bass,"Miami,Toronto",542914
74,Chris Bassitt,"New York,Toronto",605135
75,Matthew Batten,San Diego,676946
76,Peyton Battenfield,Cleveland,685410
77,Jake Bauers,Milwaukee,641343
79,Mike Baumann,"Baltimore,Seattle",657508
80,F\xc3\xa9lix Bautista,Baltimore,642585
81,Shane Baz,Tampa Bay,669358
82,Eduard Bazardo,"Baltimore,Boston,Seattle",660825
83,Jeremy Beasley,Toronto,676886
84,Matt Beaty,San Francisco,607461
85,Tristan Beck,San Francisco,663941
86,David Bednar,Pittsburgh,670280
87,Tyler Beede,"Cleveland,Pittsburgh,San Francisco",595881
88,Jalen Beeks,"Colorado,Tampa Bay",656222
89,Clayton Beeter,New York,690925
90,Andrew Bellatti,Philadelphia,571479
91,Brayan Bello,Boston,678394
92,Anthony Bender,Miami,669622
93,Brennan Bernardino,"Boston,Seattle",657514
94,Jos\xc3\xa9 Berr\xc3\xados,Toronto,621244
95,Prelander Berroa,"Chicago,Seattle",672860
96,Christian Bethancourt,"Oakland,Tampa Bay",542194
97,Tanner Bibee,Cleveland,676440
98,Phil Bickford,"Los Angeles,New York",641360
99,Osvaldo Bido,"Oakland,Pittsburgh",674370
100,Shane Bieber,Cleveland,669456
101,Brandon Bielak,"Houston,Oakland",656232
102,Jake Bird,Colorado,656234
103,Ty Blach,Colorado,621389
105,Mason Black,San Francisco,696131
106,Paul Blackburn,Oakland,621112
107,Ronel Blanco,Houston,669854
108,Richard Bleier,"Boston,Miami",542947
109,Ronald Bola\xc3\xb1os,Kansas City,671790
110,Cody Bolton,"Pittsburgh,Seattle",675989
111,Cam Booser,Boston,592155
112,Ryan Borucki,"Pittsburgh,Seattle,Toronto",621366
113,Caleb Boushley,"Milwaukee,Minnesota",676961
114,Jonathan Bowlan,Kansas City,680742
115,Matt Bowman,"Arizona,Minnesota,New York",621199
116,Brad Boxberger,"Chicago,Milwaukee",502202
117,Matthew Boyd,"Detroit,Seattle",571510
118,Joe Boyle,Oakland,671212
119,Silvino Bracho,"Atlanta,Cincinnati",611093
120,Cody Bradford,Texas,674003
121,Kyle Bradish,Baltimore,680694
122,Archie Bradley,"Los Angeles,Miami",605151
123,Jackie Bradley Jr.,Boston,598265
124,Taj Bradley,Tampa Bay,671737
125,Matt Brash,Seattle,666374
126,Ryan Brasier,"Boston,Los Angeles",518489
127,Steven Brault,Chicago,643230
128,Huascar Brazob\xc3\xa1n,Miami,623211
129,John Brebbia,"Chicago,San Francisco",605154
131,Jake Brentz,Kansas City,641394
132,Colten Brewer,"Chicago,New York",605155
133,Austin Brice,Pittsburgh,592169
134,Beau Brieske,Detroit,689225
135,Jeff Brigham,"Miami,New York",656257
136,Braden Bristo,"Detroit,Tampa Bay",668754
137,Jhony Brito,"New York,San Diego",666745
138,Zack Britton,New York,502154
139,Connor Brogdon,"Los Angeles,Philadelphia",641401
140,Aaron Brooks,"Oakland,St. Louis",605156
141,Mike Brosseau,Milwaukee,670712
142,Ben Brown,Chicago,676962
143,Hunter Brown,Houston,686613
144,JT Brubaker,Pittsburgh,664141
145,Justin Bruihl,"Colorado,Los Angeles",677865
146,Kris Bubic,Kansas City,663460
147,Walker Buehler,Los Angeles,621111
148,JB Bukauskas,"Milwaukee,Seattle",656266
149,Madison Bumgarner,Arizona,518516
150,Aaron Bummer,"Atlanta,Chicago",607481
151,Dylan Bundy,Minnesota,605164
152,Nick Burdi,"Chicago,New York",595897
153,Zack Burdi,Tampa Bay,641420
154,Brock Burke,Texas,656271
155,Alec Burleson,St. Louis,676475
157,Corbin Burnes,"Baltimore,Milwaukee",669203
158,Ryan Burr,Chicago,621114
159,Alan Busenitz,Cincinnati,641427
160,Matt Bush,"Milwaukee,Texas",456713
161,Jos\xc3\xa9 Butt\xc3\xb3,New York,676130
162,Edward Cabrera,Miami,665795
163,G\xc3\xa9nesis Cabrera,"St. Louis,Toronto",650893
164,Kelvin Caceres,Los Angeles,680983
165,Blair Calvo,Colorado,663971
166,Isaiah Campbell,"Boston,Seattle",663462
167,Griffin Canning,Los Angeles,656288
168,Jonathan Cannon,Chicago,686563
169,Yennier Cano,"Baltimore,Minnesota",666974
170,Matt Carasiti,Colorado,571539
171,Victor Caratini,Milwaukee,605170
172,Drew Carlton,"Detroit,San Diego",656290
173,Carlos Carrasco,"Cleveland,New York",471911
174,Daniel Castano,Miami,641447
175,Ryan Castellani,Oakland,624418
176,Humberto Castellanos,Arizona,528748
177,Diego Castillo,Seattle,650895
178,Diego Castillo,Pittsburgh,660636
179,Jos\xc3\xa9 Castillo,San Diego,620454
180,Luis Castillo,Detroit,622379
181,Luis Castillo,"Cincinnati,Seattle",622491
183,Max Castillo,"Kansas City,Toronto",666721
184,Anthony Castro,Cleveland,621593
185,Harold Castro,"Colorado,Detroit",605612
186,Kervin Castro,"Chicago,San Francisco",665645
187,Miguel Castro,"Arizona,New York",612434
188,Willi Castro,Minnesota,650489
189,Cade Cavalli,Washington,676917
190,Dylan Cease,"Chicago,San Diego",656302
191,Slade Cecconi,Arizona,677944
192,Luis Cessa,Cincinnati,570666
193,Jhoulys Chac\xc3\xadn,Colorado,468504
194,Andrew Chafin,"Arizona,Detroit,Milwaukee",605177
195,Yu Chang,Tampa Bay,644374
196,Aroldis Chapman,"Kansas City,New York,Pittsburgh,Texas",547973
197,JT Chargois,"Miami,Tampa Bay",608638
198,Jesse Chavez,"Atlanta,Chicago,Los Angeles",445926
199,Yonny Chirinos,"Atlanta,Tampa Bay",630023
200,Adam Cimber,"Los Angeles,Toronto",643256
201,Steve Cishek,Washington,518553
202,Jos\xc3\xa9 Cisnero,"Detroit,Los Angeles",542585
203,Aaron Civale,"Cleveland,Tampa Bay",650644
204,Taylor Clarke,Kansas City,664199
205,Emmanuel Clase,Cleveland,661403
206,Alex Claudio,"Milwaukee,New York",592222
207,Sam Clay,"New York,Washington",621348
209,Garrett Cleavinger,"Los Angeles,Tampa Bay",664076
210,Kody Clemens,"Detroit,Philadelphia",665019
211,Ernie Clement,"Cleveland,Toronto",676391
212,Mike Clevinger,"Chicago,San Diego",605182
213,Tyler Clippard,Washington,461325
214,Alex Cobb,San Francisco,502171
215,Gerrit Cole,New York,543037
216,Dylan Coleman,"Houston,Kansas City",669395
217,Alex Colom\xc3\xa9,"Chicago,Colorado",517008
218,Roansy Contreras,Pittsburgh,672710
219,Sam Coonrod,"New York,Philadelphia",656322
220,Patrick Corbin,Washington,571578
221,Jimmy Cordero,New York,622772
222,Nestor Cortes,New York,641482
223,Tom Cosgrove,San Diego,676680
224,Jharel Cotton,"Minnesota,San Francisco",605194
225,Danny Coulombe,"Baltimore,Minnesota",543056
226,Jake Cousins,"Milwaukee,New York",664776
227,Dylan Covey,"Los Angeles,Philadelphia",592229
228,Austin Cox,Kansas City,680735
229,Brandon Crawford,San Francisco,543063
230,Kutter Crawford,Boston,676710
231,Kyle Crick,Chicago,605195
232,Nabil Crismatt,"Arizona,Los Angeles,San Diego",622503
233,Cooper Criswell,"Boston,Tampa Bay",681867
235,Garrett Crochet,Chicago,676979
236,Declan Cronin,"Chicago,Miami",686539
237,Wil Crowe,Pittsburgh,640444
238,Fernando Cruz,Cincinnati,518585
239,Jesus Cruz,Atlanta,672911
240,Steven Cruz,Kansas City,674444
241,Jos\xc3\xa9 Cuas,"Chicago,Kansas City",621016
242,Johnny Cueto,"Chicago,Miami",456501
243,Charlie Culberson,Texas,518586
244,Xzavion Curry,Cleveland,675540
245,John Curtiss,New York,595928
246,Tyler Cyr,"Los Angeles,Oakland,Philadelphia",664202
247,Davis Daniel,Los Angeles,669721
248,Tyler Danish,Boston,641501
249,Hagen Danner,Toronto,668470
250,Yu Darvish,San Diego,506433
251,Tucker Davidson,"Atlanta,Kansas City,Los Angeles",656353
252,Zach Davies,Arizona,605200
253,Austin Davis,"Boston,Minnesota",656354
254,Noah Davis,Colorado,663562
255,Brett de Geus,Seattle,676969
256,\xc3\x81ngel De Jes\xc3\xbas,Detroit,669804
257,Enmanuel De Jesus,Miami,646241
258,Chase De Jong,Pittsburgh,608328
259,Jos\xc3\xa9 De Le\xc3\xb3n,Minnesota,592254
261,Enyel De Los Santos,"Cleveland,San Diego",660853
262,Yerry De Los Santos,Pittsburgh,660787
263,Jacob deGrom,"New York,Texas",594798
264,Matt Dermody,"Boston,Chicago",571616
265,Anthony DeSclafani,San Francisco,543101
266,Reid Detmers,Los Angeles,672282
267,Ross Detwiler,Cincinnati,446321
268,Chris Devenski,"Arizona,Los Angeles,Philadelphia,Tampa Bay",606965
269,Alexis D\xc3\xadaz,Cincinnati,664747
270,Edwin D\xc3\xadaz,New York,621242
271,Jhonathan D\xc3\xadaz,Los Angeles,646242
272,Miguel D\xc3\xadaz,"Detroit,Houston",622766
273,Corey Dickerson,St. Louis,572816
274,Phillip Diehl,Cincinnati,670426
275,Jake Diekman,"Boston,Chicago,New York,Tampa Bay",518617
276,Marcos Dipl\xc3\xa1n,Baltimore,650959
277,Brandon Dixon,San Diego,641525
278,Dylan Dodd,Atlanta,689266
279,Seranthony Dom\xc3\xadnguez,Philadelphia,622554
280,Josh Donaldson,New York,518626
281,Sean Doolittle,Washington,448281
282,Camilo Doval,San Francisco,666808
283,Kyle Dowdy,Cincinnati,664871
284,Tommy Doyle,Colorado,656382
285,Hunter Dozier,Kansas City,641531
287,Daniel Duarte,"Cincinnati,Minnesota",650960
288,Shawn Dubin,Houston,681869
289,Tyler Duffey,"Chicago,Kansas City,Minnesota",608648
290,Matt Duffy,Kansas City,622110
291,Robert Dugger,"Cincinnati,Tampa Bay",667498
292,Justin Dunn,Cincinnati,643290
293,Dane Dunning,Texas,641540
294,Jhoan Dur\xc3\xa1n,Minnesota,661395
295,Nick Duron,Philadelphia,663975
296,Nate Eaton,Kansas City,681987
297,Carl Edwards Jr.,Washington,605218
298,Scott Effross,"Chicago,New York",664123
299,Zach Eflin,"Philadelphia,Tampa Bay",621107
300,Jerad Eickhoff,Pittsburgh,595191
301,Bryce Elder,Atlanta,693821
302,Roenis El\xc3\xadas,Seattle,606273
303,Chris Ellis,Baltimore,595939
304,Kent Emanuel,Miami,592288
305,Mason Englert,Detroit,669438
306,Nathan Eovaldi,"Boston,Texas",543135
307,Lucas Erceg,Oakland,668674
308,Robbie Erlin,Los Angeles,572362
309,Alcides Escobar,Washington,444876
310,Eduardo Escobar,Los Angeles,500871
311,Jose Espada,San Diego,664744
313,Raynel Espinal,Cincinnati,642659
314,Paolo Espino,"Toronto,Washington",502179
315,Anderson Espinoza,Chicago,659262
316,Joey Estes,Oakland,683155
317,Carlos Est\xc3\xa9vez,"Colorado,Los Angeles",608032
318,Jeremiah Estrada,"Chicago,San Diego",669093
319,Alex Faedo,Detroit,656412
320,Pete Fairbanks,Tampa Bay,664126
321,Bailey Falter,"Philadelphia,Pittsburgh",663559
322,Jeurys Familia,"Boston,Oakland,Philadelphia",544727
323,Jake Faria,Boston,607188
324,Buck Farmer,Cincinnati,571656
325,Luke Farrell,"Chicago,Cincinnati",608652
326,Calvin Faucher,"Miami,Tampa Bay",676534
327,Erick Fedde,"Chicago,Washington",607200
328,Angel Felipe,Oakland,665734
329,Michael Feliz,Boston,593140
330,Ryan Feltner,Colorado,663372
331,Caleb Ferguson,"Los Angeles,New York",657571
332,Tyler Ferguson,Oakland,621053
333,Junior Fern\xc3\xa1ndez,"Pittsburgh,St. Louis",658551
334,Ryan Fernandez,St. Louis,681676
335,Jose A. Ferrer,Washington,678606
336,Matt Festa,Seattle,670036
337,J.P. Feyereisen,"Los Angeles,Tampa Bay",656420
339,Kyle Finnegan,Washington,640448
340,Nate Fisher,New York,688010
341,Jake Fishman,Miami,670288
342,Tyler Fitzgerald,San Francisco,666149
343,Jack Flaherty,"Baltimore,Detroit,St. Louis",656427
344,Josh Fleming,"Pittsburgh,Tampa Bay",676596
345,Aaron Fletcher,Pittsburgh,667465
346,Chris Flexen,"Chicago,Colorado,Seattle",623167
347,Dylan Floro,"Miami,Minnesota,Washington",571670
348,Jason Foley,Detroit,671345
349,Mike Ford,"Atlanta,Seattle",645801
350,Matt Foster,Chicago,641582
351,J.P. France,Houston,641585
352,Bowden Francis,Toronto,670102
353,Kyle Freeland,Colorado,607536
354,Luis Fr\xc3\xadas,Arizona,666818
355,Max Fried,Atlanta,608331
356,David Fry,Cleveland,681807
357,Paul Fry,"Arizona,Baltimore",643316
358,Shintaro Fujinami,"Baltimore,Oakland",660261
359,Carson Fulmer,Los Angeles,608334
360,Michael Fulmer,"Chicago,Detroit,Minnesota",605242
361,Kody Funderburk,Minnesota,681892
362,Hunter Gaddis,Cleveland,683769
363,Matt Gage,"Houston,Toronto",657424
365,Giovanny Gallegos,St. Louis,606149
366,Zac Gallen,Arizona,668678
367,Bryan Garcia,Detroit,650530
368,Deivi Garc\xc3\xada,"Chicago,New York",665620
369,Jarl\xc3\xadn Garc\xc3\xada,San Francisco,606424
370,Luis Garc\xc3\xada,"Los Angeles,San Diego",472610
371,Luis Garcia,Houston,677651
372,Rico Garcia,"Baltimore,Oakland,Washington",670329
373,Robert Garcia,"Miami,Washington",676395
374,Rony Garc\xc3\xada,Detroit,665621
375,Yimi Garc\xc3\xada,Toronto,554340
376,Amir Garrett,"Kansas City,Los Angeles",607237
377,Braxton Garrett,Miami,666129
378,Reed Garrett,"Baltimore,New York,Washington",657585
379,Justin Garza,Boston,621057
380,Ralph Garza,Tampa Bay,621248
381,Robert Gasser,Milwaukee,688107
382,Kevin Gausman,Toronto,592332
383,Domingo Germ\xc3\xa1n,New York,593334
384,Franklin German,Boston,681464
385,Ian Gibaut,"Cincinnati,Cleveland",664139
386,Kyle Gibson,"Baltimore,Philadelphia,St. Louis",502043
387,Luis Gil,New York,661563
388,Logan Gilbert,Seattle,669302
389,Tyler Gilbert,Arizona,656457
391,Lucas Gilbreath,Colorado,656458
392,Ken Giles,Seattle,571704
393,Logan Gillaspie,"Baltimore,San Diego",670810
394,Kevin Ginkel,Arizona,656464
395,Lucas Giolito,"Chicago,Cleveland,Los Angeles",608337
396,Sawyer Gipson-Long,Detroit,687830
397,Mychal Givens,"Baltimore,Chicago,New York",571710
398,Tyler Glasnow,"Los Angeles,Tampa Bay",607192
399,Austin Gomber,Colorado,596295
400,Yoendrys G\xc3\xb3mez,New York,672782
401,Tony Gonsolin,Los Angeles,664062
402,Marco Gonzales,"Pittsburgh,Seattle",594835
403,Chi Chi Gonz\xc3\xa1lez,"Miami,Milwaukee,Minnesota,New York",592346
404,Luis Gonz\xc3\xa1lez,San Francisco,670768
405,Marwin Gonz\xc3\xa1lez,New York,503556
406,Victor Gonz\xc3\xa1lez,"Los Angeles,New York",624647
407,Nick Gordon,Minnesota,624503
408,MacKenzie Gore,"San Diego,Washington",669022
409,Anthony Gose,Cleveland,543238
410,Phil Gosselin,Los Angeles,594838
411,Trevor Gott,"Milwaukee,New York,Seattle",641627
412,Ashton Goudeau,Colorado,623485
413,Brusdar Graterol,Los Angeles,660813
414,Kendall Graveman,"Chicago,Houston",608665
415,Jon Gray,Texas,592351
417,Josiah Gray,Washington,680686
418,Sonny Gray,"Minnesota,St. Louis",543243
419,Chad Green,"New York,Toronto",643338
420,Hunter Greene,Cincinnati,668881
421,Shane Greene,"Chicago,Los Angeles,New York",572888
422,Zack Greinke,Kansas City,425844
423,Randal Grichuk,Colorado,545341
424,Foster Griffin,"Kansas City,Toronto",656492
425,Justin Grimm,Oakland,518748
426,Michael Grove,Los Angeles,675627
427,Robert Gsellman,Chicago,607229
428,Javy Guerra,"Milwaukee,San Diego,Tampa Bay",642770
429,Luis Guillorme,"Atlanta,New York",641645
430,Jandel Gustave,Milwaukee,594311
431,Vladimir Gutierrez,"Cincinnati,Miami",661269
432,Josh Hader,"Houston,Milwaukee,San Diego",623352
433,Jake Hager,Arizona,606993
434,Darick Hall,Philadelphia,669742
435,DL Hall,"Baltimore,Milwaukee",669084
436,Ian Hamilton,"Minnesota,New York",641656
437,Emerson Hancock,Seattle,676106
438,Brad Hand,"Atlanta,Colorado,Philadelphia",543272
439,Brenan Hanifee,Detroit,669724
440,Hobie Harris,Washington,665048
441,Hogan Harris,Oakland,663687
443,Josh Harrison,"Chicago,Philadelphia",543281
444,Kyle Harrison,San Francisco,690986
445,Geoff Hartlieb,Miami,664129
446,Grant Hartwig,New York,701643
447,Hunter Harvey,Washington,640451
448,Thomas Hatch,"Pittsburgh,Toronto",641672
449,Louis Head,"Baltimore,Miami",545343
450,Brent Headrick,Minnesota,687396
451,Andrew Heaney,"Los Angeles,Texas",571760
452,Taylor Hearn,"Atlanta,Kansas City,Texas",621368
453,Jonathan Heasley,"Baltimore,Kansas City",669169
454,Austin Hedges,Texas,595978
455,Ben Heller,Atlanta,621294
456,Ryan Helsley,St. Louis,664854
457,Heath Hembree,"Los Angeles,Pittsburgh,Tampa Bay",592390
458,Kyle Hendricks,Chicago,543294
459,Liam Hendriks,Chicago,521230
460,Ryan Hendrix,Cincinnati,641682
461,Blair Henley,Houston,668874
462,Ronny Henriquez,Minnesota,678692
463,Tommy Henry,Arizona,674072
464,Sam Hentges,Cleveland,656529
465,Jimmy Herget,Los Angeles,623474
466,Kevin Herget,"Cincinnati,Milwaukee,Tampa Bay",643361
467,Carlos Hern\xc3\xa1ndez,Kansas City,672578
469,Darwinzon Hern\xc3\xa1ndez,Boston,650382
470,Daysbel Hern\xc3\xa1ndez,Atlanta,678226
471,Elieser Hern\xc3\xa1ndez,"Los Angeles,Miami",622694
472,Jonathan Hern\xc3\xa1ndez,Texas,642546
473,Jose Hernandez,Pittsburgh,669796
474,Nick Hernandez,San Diego,663321
475,Yonny Hern\xc3\xa1ndez,Los Angeles,660634
476,Jos\xc3\xa9 Herrera,Arizona,645444
477,Tim Herrin,Cleveland,682120
478,Aaron Hicks,Los Angeles,543305
479,Jordan Hicks,"San Francisco,St. Louis,Toronto",663855
480,Garrett Hill,Detroit,682051
481,Rich Hill,"Boston,Pittsburgh,San Diego",448179
482,Tim Hill,"Chicago,San Diego",657612
483,Sean Hjelle,San Francisco,663546
484,Porter Hodge,Chicago,687863
485,Bryan Hoeing,Miami,663773
486,Jeff Hoffman,"Cincinnati,Philadelphia",656546
487,Colin Holderman,"New York,Pittsburgh",670059
488,Greg Holland,Texas,518813
489,Jordan Holloway,Miami,656548
490,Gavin Hollowell,Colorado,668970
491,Clay Holmes,New York,605280
492,Tyler Holton,"Arizona,Detroit",663947
493,Brent Honeywell Jr.,"Chicago,San Diego",641703
495,Tanner Houck,Boston,656557
496,Adrian Houser,"Milwaukee,New York",605288
497,Sam Howard,Pittsburgh,607572
498,Spencer Howard,Texas,675921
499,Bryan Hudson,"Los Angeles,Milwaukee",663542
500,Dakota Hudson,"Colorado,St. Louis",641712
501,Daniel Hudson,Los Angeles,543339
502,Brandon Hughes,"Arizona,Chicago",676714
503,Tommy Hunter,New York,488984
504,Kyle Hurt,Los Angeles,669165
505,Drew Hutchison,Detroit,571800
506,Raisel Iglesias,"Atlanta,Los Angeles",628452
507,Shota Imanaga,Chicago,684007
508,Kolton Ingram,Los Angeles,688427
509,Cole Irvin,"Baltimore,Oakland",608344
510,Jake Irvin,Washington,663623
511,Andre Jackson,"Los Angeles,Pittsburgh",656578
512,Jay Jackson,"Atlanta,Minnesota,Toronto",543351
513,Luke Jackson,San Francisco,592426
514,Zach Jackson,Oakland,667427
515,Alek Jacob,San Diego,689690
516,Joe Jacques,Boston,682175
517,Drey Jameson,Arizona,686753
518,Kenley Jansen,"Atlanta,Boston",445276
519,Bryce Jarvis,Arizona,686826
521,Cristian Javier,Houston,664299
522,Griffin Jax,Minnesota,643377
523,Tyler Jay,New York,664079
524,Daulton Jefferies,"Oakland,San Francisco",641726
525,Dany Jim\xc3\xa9nez,Oakland,666204
526,Joe Jim\xc3\xa9nez,"Atlanta,Detroit",641729
527,Pierce Johnson,"Atlanta,Colorado,San Diego",572955
528,Damon Jones,Philadelphia,676103
529,Jared Jones,Pittsburgh,683003
530,Ben Joyce,Los Angeles,690829
531,Jakob Junis,"Milwaukee,San Francisco",596001
532,Janson Junk,"Los Angeles,Milwaukee",676083
533,Evan Justice,Colorado,687145
534,Tommy Kahnle,"Los Angeles,New York",592454
535,James Kaprielian,Oakland,621076
536,Ricky Karcher,Cincinnati,676689
537,James Karinchak,Cleveland,675916
538,Karl Kauffmann,Colorado,666154
539,Anthony Kay,"Chicago,New York,Toronto",641743
540,Brad Keller,"Chicago,Kansas City",641745
541,Mitch Keller,Pittsburgh,656605
542,Trevor Kelley,"Milwaukee,Tampa Bay",665001
543,Carson Kelly,"Arizona,Detroit",608348
544,Joe Kelly,"Chicago,Los Angeles",523260
545,Kevin Kelly,Tampa Bay,687330
547,Merrill Kelly,Arizona,518876
548,Michael Kelly,"Cleveland,Oakland,Philadelphia",547184
549,Zack Kelly,Boston,677161
550,Brett Kennedy,Cincinnati,664028
551,Ian Kennedy,"Arizona,Texas",453178
552,Orion Kerkering,Philadelphia,689147
553,Ray Kerr,"Atlanta,San Diego",678061
554,Clayton Kershaw,Los Angeles,477132
555,Grae Kessinger,Houston,666197
556,Dallas Keuchel,"Arizona,Chicago,Minnesota,Texas",572971
557,Yusei Kikuchi,Toronto,579328
558,Caleb Kilian,Chicago,668873
559,Craig Kimbrel,"Baltimore,Los Angeles,Philadelphia",518886
560,Isiah Kiner-Falefa,"New York,Toronto",643396
561,John King,"St. Louis,Texas",667463
562,Michael King,"New York,San Diego",650633
563,Tyler Kinley,Colorado,641755
564,George Kirby,Seattle,669923
565,Andrew Kittredge,"St. Louis,Tampa Bay",552640
566,Will Klein,Kansas City,694361
567,Corey Kluber,"Boston,Tampa Bay",446372
568,Landon Knack,Los Angeles,689017
569,Corey Knebel,Philadelphia,608349
570,Reiss Knehr,San Diego,663753
571,Dusten Knight,Tampa Bay,643400
573,Andrew Knizner,St. Louis,668800
574,Matt Koch,"Colorado,Seattle",571863
575,Jared Koenig,"Milwaukee,Oakland",657649
576,Adam Kolarek,"Los Angeles,New York,Oakland",592473
577,Stephen Kolek,San Diego,663568
578,Michael Kopech,Chicago,656629
579,Jackson Kowar,Kansas City,663804
580,Max Kranick,Pittsburgh,668820
581,Joey Krehbiel,Baltimore,607216
582,Dean Kremer,Baltimore,665152
583,Brooks Kriske,Kansas City,621139
584,Zac Kristofak,Los Angeles,670219
585,Matt Krook,New York,640454
586,Chad Kuhl,"Colorado,Washington",641771
587,Joel Kuhnel,"Cincinnati,Houston",669270
588,Joe La Sorsa,"Tampa Bay,Washington",686747
589,A.J. Ladwig,Miami,607609
590,Travis Lakins Sr.,Baltimore,664042
591,Jake Lamb,Los Angeles,571875
592,Jimmy Lambert,Chicago,669424
593,Peter Lambert,Colorado,663567
594,Dinelson Lamet,"Boston,Colorado,Los Angeles,San Diego",659275
595,Alex Lange,Detroit,656638
596,Jacob Latz,Texas,656641
597,Eric Lauer,Milwaukee,641778
599,Derek Law,"Cincinnati,Detroit,Washington",571882
600,Casey Lawrence,"St. Louis,Toronto",596271
601,Justin Lawrence,Colorado,664875
602,Kyle Leahy,St. Louis,681517
603,Jordan Leasure,Chicago,673929
604,Jos\xc3\xa9 Leclerc,Texas,600917
605,Dylan Lee,Atlanta,669276
606,Evan Lee,Washington,681885
607,Casey Legumina,Cincinnati,668984
608,Jack Leiter,Texas,683004
609,Mark Leiter Jr.,Chicago,643410
610,Jacob Lemoine,Oakland,621082
611,Sandy Le\xc3\xb3n,"Cleveland,Texas",506702
612,Dominic Leone,"Chicago,Los Angeles,New York,San Francisco,Seattle",608678
613,Josh Lester,Baltimore,623507
614,Matthew Liberatore,St. Louis,669461
615,Jeff Lindgren,Miami,689167
616,Zack Littell,"Boston,San Francisco,Tampa Bay",641793
617,Brendon Little,"Chicago,Toronto",663893
618,Luke Little,Chicago,681432
619,Ben Lively,"Cincinnati,Cleveland",594902
620,Mauricio Llovera,"Boston,San Francisco",661440
621,Jonathan Lo\xc3\xa1isiga,New York,642528
622,Nick Lodolo,Cincinnati,666157
623,Zach Logue,"Detroit,Oakland",656657
625,Sam Long,"Kansas City,Oakland,San Francisco",669674
626,Alejo L\xc3\xb3pez,Cincinnati,664670
627,Jacob Lopez,Tampa Bay,682052
628,Jorge L\xc3\xb3pez,"Baltimore,Miami,Minnesota,New York",605347
629,Jos\xc3\xa9 Lopez,Tampa Bay,673111
630,Nicky Lopez,"Atlanta,Kansas City",670032
631,Pablo L\xc3\xb3pez,"Miami,Minnesota",641154
632,Reynaldo L\xc3\xb3pez,"Atlanta,Chicago,Cleveland,Los Angeles",625643
633,Yoan L\xc3\xb3pez,New York,661255
634,Michael Lorenzen,"Detroit,Los Angeles,Philadelphia,Texas",547179
635,Aaron Loup,Los Angeles,571901
636,Richard Lovelady,"Chicago,Oakland,Tampa Bay",663992
637,Zac Lowther,Baltimore,675912
638,Easton Lucas,Oakland,687922
639,Joey Lucchesi,New York,664192
640,Lucas Luetge,"Atlanta,New York",476595
641,Seth Lugo,"Kansas City,New York,San Diego",607625
642,Jordan Luplow,Minnesota,656669
643,Jes\xc3\xbas Luzardo,Miami,666200
644,Jordan Lyles,"Baltimore,Kansas City",543475
645,Daniel Lynch IV,Kansas City,663738
646,Lance Lynn,"Chicago,Los Angeles,St. Louis",458681
647,Andr\xc3\xa9s Machado,Washington,600921
648,Josh Maciejewski,New York,656671
649,Bligh Madris,Houston,676632
651,Kenta Maeda,"Detroit,Minnesota",628317
652,Tyler Mahle,"Cincinnati,Minnesota",641816
653,Luke Maile,Cincinnati,571912
654,Anthony Maldonado,Miami,687424
655,Mart\xc3\xadn Maldonado,Houston,455117
656,Sean Manaea,"New York,San Diego,San Francisco",640455
657,Matt Manning,Detroit,666159
658,Alek Manoah,Toronto,666201
659,Joe Mantiply,Arizona,573009
660,Ron Marinaccio,New York,676760
661,Michael Mariot,Cincinnati,592527
662,Parker Markel,Oakland,571917
663,Germ\xc3\xa1n M\xc3\xa1rquez,Colorado,608566
664,Alec Marsh,Kansas City,679525
665,Jos\xc3\xa9 Marte,Los Angeles,665896
666,Yunior Marte,"Philadelphia,San Francisco",628708
667,Brett Martin,Texas,656685
668,Chris Martin,"Boston,Chicago,Los Angeles",455119
669,Corbin Martin,Arizona,656686
670,Davis Martin,Chicago,663436
671,Adri\xc3\xa1n Martinez,Oakland,661309
672,Justin Martinez,Arizona,679885
673,Nick Martinez,"Cincinnati,San Diego",607259
674,Seth Martinez,Houston,661527
675,Miles Mastrobuoni,Chicago,670156
677,Nick Maton,Philadelphia,665155
678,Phil Maton,"Houston,Tampa Bay",664208
679,Yuki Matsui,San Diego,673513
680,Steven Matz,St. Louis,571927
681,Tyler Matzek,Atlanta,554431
682,Dustin May,Los Angeles,669160
683,Trevor May,"New York,Oakland",543507
684,Mike Mayers,"Kansas City,Los Angeles",594577
685,Jack Mayfield,Los Angeles,608686
686,Tim Mayza,Toronto,641835
687,Chris Mazza,Tampa Bay,607391
688,Zach McAllister,New York,502083
689,James McArthur,Kansas City,663704
690,James McCann,Baltimore,543510
691,Kirk McCarty,Cleveland,668948
692,Darren McCaughan,"Miami,Seattle",670766
693,Shane McClanahan,Tampa Bay,663556
694,Lance McCullers Jr.,Houston,621121
695,T.J. McFarland,"New York,Oakland,St. Louis",519008
696,Easton McGee,"Seattle,Tampa Bay",668834
697,Jake McGee,"Milwaukee,San Francisco,Washington",459429
698,Scott McGough,Arizona,543518
699,Reese McGuire,Boston,624512
700,Collin McHugh,Atlanta,543521
701,David McKay,"New York,Oakland,Tampa Bay",641853
703,Ryan McKenna,Baltimore,663630
704,Triston McKenzie,Cleveland,663474
705,Zach McKinstry,Detroit,656716
706,John McMillon,Kansas City,669111
707,John Means,Baltimore,607644
708,Nick Mears,"Colorado,Pittsburgh",683232
709,Victor Mederos,Los Angeles,682989
710,Adonis Medina,New York,658431
711,Luis Medina,Oakland,665622
712,Trevor Megill,"Milwaukee,Minnesota",656730
713,Tylor Megill,New York,656731
714,J.C. Mej\xc3\xada,Milwaukee,650496
715,Mark Melancon,Arizona,453343
716,Danny Mendick,New York,664901
717,Conner Menez,Chicago,669214
718,Daniel Mengden,Kansas City,596043
719,Whit Merrifield,Toronto,593160
720,Julian Merryweather,"Chicago,Toronto",657240
721,Matt Mervis,Chicago,670223
722,Max Meyer,Miami,676974
723,Keynan Middleton,"Arizona,Chicago,New York",641871
724,Miles Mikolas,St. Louis,571945
725,Wade Miley,"Chicago,Milwaukee",489119
726,Bobby Miller,Los Angeles,676272
727,Brad Miller,Texas,543543
729,Bryce Miller,Seattle,682243
730,Erik Miller,San Francisco,669062
731,Mason Miller,Oakland,695243
732,Owen Miller,Milwaukee,680911
733,Shelby Miller,"Detroit,Los Angeles,San Francisco",571946
734,Tyson Miller,"Chicago,Los Angeles,Milwaukee,New York,Seattle,Texas",668338
735,Alec Mills,"Chicago,Cincinnati",621219
736,Wyatt Mills,"Kansas City,Seattle",670090
737,Hoby Milner,Milwaukee,571948
738,Tommy Milone,Seattle,543548
739,Juan Minaya,Minnesota,573668
740,Mike Minor,Cincinnati,501985
741,A.J. Minter,Atlanta,621345
742,Anthony Misiewicz,"Arizona,Detroit,Kansas City,New York,Seattle",664948
743,Casey Mize,Detroit,663554
744,Carmen Mlodzinski,Pittsburgh,669387
745,Anthony Molina,Colorado,683627
746,Yadier Molina,St. Louis,425877
747,Sam Moll,"Cincinnati,Oakland",594580
748,Frankie Montas,"Cincinnati,New York,Oakland",593423
749,Rafael Montero,Houston,606160
750,Bryce Montes de Oca,New York,656755
751,Jordan Montgomery,"Arizona,New York,St. Louis,Texas",656756
752,Matt Moore,"Cleveland,Los Angeles,Miami,Texas",519043
753,McKinley Moore,Philadelphia,686842
755,Francisco Morales,Philadelphia,672839
756,Brian Moran,Los Angeles,572383
757,Jovani Mor\xc3\xa1n,Minnesota,663558
758,Adri\xc3\xa1n Morej\xc3\xb3n,San Diego,670970
759,Dauri Moreta,"Cincinnati,Pittsburgh",664294
760,Eli Morgan,Cleveland,669212
761,Reyes Moronta,"Arizona,Los Angeles",606625
762,Cody Morris,Cleveland,663752
763,Charlie Morton,Atlanta,450203
764,Zach Muckenhirn,New York,669105
765,Kyle Muller,"Atlanta,Oakland",666205
766,Andr\xc3\xa9s Mu\xc3\xb1oz,Seattle,662253
767,Roddery Mu\xc3\xb1oz,Miami,682610
768,Penn Murfee,Seattle,682171
769,Chris Murphy,Boston,669684
770,Patrick Murphy,Washington,641907
771,Joe Musgrove,San Diego,605397
772,Parker Mushinski,Houston,656786
773,Tobias Myers,Milwaukee,668964
774,Wil Myers,San Diego,571976
775,James Naile,St. Louis,664942
776,Tommy Nance,Miami,667297
777,Andrew Nardi,Miami,677053
778,Nick Nastrini,Chicago,680897
779,Packy Naughton,St. Louis,676050
781,Edgar Navarro,Chicago,679346
782,Zach Neal,Oakland,594943
783,Nick Neidert,Miami,663734
784,Kyle Nelson,Arizona,669459
785,Nick Nelson,Philadelphia,656793
786,Ryne Nelson,Arizona,669194
787,H\xc3\xa9ctor Neris,"Chicago,Houston",593576
788,Sheldon Neuse,Oakland,641914
789,Sean Newcomb,"Atlanta,Chicago,Oakland",656794
790,Kyle Nicolas,Pittsburgh,693312
791,Vinny Nittoli,"New York,Philadelphia",657697
792,Stephen Nogosek,New York,668665
793,Aaron Nola,Philadelphia,605400
794,Sean Nolin,Miami,543594
795,Daniel Norris,"Chicago,Cleveland,Detroit",596057
796,James Norwood,Philadelphia,656803
797,Dedniel N\xc3\xba\xc3\xb1ez,New York,673380
798,Riley O\'Brien,"Seattle,St. Louis",676617
799,Darren O\'Day,Atlanta,503285
800,Bailey Ober,Minnesota,641927
801,Jake Odorizzi,"Atlanta,Houston",543606
802,Cristofer Ogando,Tampa Bay,642657
803,Shohei Ohtani,Los Angeles,660271
804,Steven Okert,"Miami,Minnesota",595345
805,Adam Oller,Oakland,670124
807,Reese Olson,Detroit,681857
808,Kaleb Ort,Boston,672391
809,Oliver Ortega,"Los Angeles,Minnesota",661383
810,Luis Ortiz,"Philadelphia,San Francisco",656814
811,Luis Ortiz,Pittsburgh,682847
812,Adam Ottavino,New York,493603
813,Glenn Otto,Texas,657248
814,Connor Overton,Cincinnati,656818
815,Johan Oviedo,"Pittsburgh,St. Louis",670912
816,Chris Owings,"Baltimore,Pittsburgh",572008
817,Chris Paddack,Minnesota,663978
818,Nicholas Padilla,Chicago,656820
819,Emilio Pag\xc3\xa1n,"Cincinnati,Minnesota",641941
820,Jermaine Palacios,Minnesota,650339
821,Daniel Palencia,Chicago,694037
822,Andre Pallante,St. Louis,669467
823,Thomas Pannone,Milwaukee,623381
824,Enoli Paredes,Houston,660600
825,Mitchell Parker,Washington,680730
826,Wes Parsons,"Cleveland,Toronto",641149
827,Luis Pati\xc3\xb1o,"Chicago,Tampa Bay",672715
828,Spencer Patton,"Oakland,Texas",607359
829,James Paxton,"Boston,Los Angeles",572020
830,Joel Payamps,"Kansas City,Milwaukee,Oakland",606303
831,Matt Peacock,"Arizona,Kansas City",676840
833,Nate Pearson,Toronto,663878
834,Elvis Peguero,"Los Angeles,Milwaukee",665625
835,Ryan Pepiot,"Los Angeles,Tampa Bay",686752
836,Freddy Peralta,Milwaukee,642547
837,Sammy Peralta,Chicago,671111
838,Wandy Peralta,"New York,San Diego",593974
839,Wily Peralta,Detroit,503449
840,Angel Perdomo,Pittsburgh,622780
841,Luis Perdomo,Milwaukee,606131
842,Carlos P\xc3\xa9rez,Oakland,542208
843,Cionel P\xc3\xa9rez,Baltimore,672335
844,Eury P\xc3\xa9rez,Miami,691587
845,Francisco P\xc3\xa9rez,"Oakland,Washington",660906
846,Hector Perez,Tampa Bay,660431
847,Mart\xc3\xadn P\xc3\xa9rez,"Pittsburgh,Texas",527048
848,\xc3\x93liver P\xc3\xa9rez,Arizona,424144
849,Dillon Peters,Pittsburgh,596071
850,David Peterson,New York,656849
851,Jace Peterson,"Milwaukee,Oakland",607054
852,Brandon Pfaadt,Arizona,694297
853,David Phelps,Toronto,475479
854,Brett Phillips,"Los Angeles,Tampa Bay",621433
855,Connor Phillips,Cincinnati,683175
856,Evan Phillips,Los Angeles,623465
857,Konnor Pilkington,Cleveland,663455
859,Chad Pinder,Oakland,640461
860,Michael Pineda,Detroit,501381
861,Riley Pint,Colorado,666207
862,Ren\xc3\xa9 Pinto,Tampa Bay,650907
863,Ricardo Pinto,Philadelphia,620982
864,Nick Pivetta,Boston,601713
865,Michael Plassmeyer,Philadelphia,674681
866,Kevin Plawecki,Boston,608700
867,Zach Plesac,Cleveland,668676
868,Colin Poche,Tampa Bay,621363
869,Zach Pop,"Miami,Toronto",647315
870,Sean Poppen,Arizona,664092
871,Cody Poteet,"Miami,New York",547001
872,Ryan Pressly,Houston,519151
873,David Price,Los Angeles,456034
874,Quinn Priester,Pittsburgh,682990
875,Austin Pruitt,"Oakland,Texas",643493
876,Albert Pujols,St. Louis,405395
877,A.J. Puk,"Miami,Oakland",640462
878,Cal Quantrill,"Cleveland,Colorado",615698
879,Johan Quezada,Miami,629498
880,Jos\xc3\xa9 Quijada,Los Angeles,650671
881,Jose Quintana,"New York,Pittsburgh,St. Louis",500779
882,Cole Ragans,"Kansas City,Texas",666142
883,Tanner Rainey,Washington,663432
885,Brooks Raley,"New York,Tampa Bay",548384
886,Luke Raley,Tampa Bay,670042
887,Emmanuel Ramirez,Miami,642629
888,Erasmo Ram\xc3\xadrez,"Tampa Bay,Washington",541640
889,Nick Ramirez,"Los Angeles,New York",598286
890,No\xc3\xa9 Ramirez,Arizona,598287
891,Yohan Ram\xc3\xadrez,"Baltimore,Chicago,Cleveland,Los Angeles,New York,Pittsburgh,Seattle",670990
892,Lane Ramsey,Chicago,682010
893,Drew Rasmussen,Tampa Bay,656876
894,Robbie Ray,Seattle,592662
895,Colin Rea,Milwaukee,607067
896,Jake Reed,"Baltimore,Los Angeles,New York",596082
897,Sean Reid-Foley,New York,656887
898,Denyi Reyes,"Baltimore,New York",660593
899,Franmil Reyes,Chicago,614177
900,Gerardo Reyes,Los Angeles,622103
901,Pablo Reyes,"Boston,Milwaukee",622569
902,Matt Reynolds,Cincinnati,608703
903,Garrett Richards,Texas,572070
904,Trevor Richards,Toronto,670950
905,Lyon Richardson,Cincinnati,680689
906,Yacksel R\xc3\xados,Oakland,605441
907,Emmanuel Rivera,Miami,656896
908,Ethan Roberts,Chicago,681799
909,David Robertson,"Chicago,Miami,New York,Philadelphia,Texas",502085
911,Nick Robertson,"Boston,Los Angeles,St. Louis",687798
912,Hansel Robles,Boston,570663
913,Carlos Rod\xc3\xb3n,"New York,San Francisco",607074
914,Dereck Rodr\xc3\xadguez,"Atlanta,Minnesota",605446
915,Eduardo Rodr\xc3\xadguez,Detroit,593958
916,Elvin Rodr\xc3\xadguez,"Detroit,Tampa Bay",660730
917,Grayson Rodriguez,Baltimore,680570
918,Joely Rodr\xc3\xadguez,"Boston,New York",570257
919,Jos\xc3\xa9 Rodr\xc3\xadguez,Seattle,642578
920,Manuel Rodr\xc3\xadguez,"Chicago,Tampa Bay",655889
921,Randy Rodr\xc3\xadguez,San Francisco,678495
922,Yariel Rodr\xc3\xadguez,Toronto,684320
923,Yerry Rodr\xc3\xadguez,Texas,666720
924,Josh Rogers,Washington,642028
925,Taylor Rogers,"Milwaukee,San Diego,San Francisco",573124
926,Trevor Rogers,Miami,669432
927,Tyler Rogers,San Francisco,643511
928,Josh Rojas,"Arizona,Seattle",668942
929,Miguel Rojas,Los Angeles,500743
930,Drew Rom,St. Louis,680723
931,Jordan Romano,Toronto,605447
932,Jhon Romero,Minnesota,664584
933,JoJo Romero,"Philadelphia,St. Louis",668941
934,Tommy Romero,"Tampa Bay,Washington",676720
935,Sergio Romo,"Seattle,Toronto",489265
937,Angel Rond\xc3\xb3n,St. Louis,667373
938,Ben Rortvedt,Tampa Bay,666163
939,Kenny Rosenberg,Los Angeles,670046
940,Joe Ross,Milwaukee,605452
941,Bubby Rossman,Philadelphia,657745
942,Landen Roupp,San Francisco,694738
943,Chris Roycroft,St. Louis,688297
944,Drew Rucinski,Oakland,607968
945,Michael Rucker,Chicago,621074
946,Darin Ruf,New York,573131
947,Jos\xc3\xa9 Ruiz,"Arizona,Chicago,Philadelphia",614179
948,Norge Ru\xc3\xadz,Oakland,650204
949,Jackson Rutledge,Washington,671131
950,Joe Ryan,Minnesota,657746
951,Ryder Ryan,"Pittsburgh,Seattle",656924
952,Hyun Jin Ryu,Toronto,547943
953,Andrew Saalfrank,Arizona,685314
954,Connor Sadzeck,Milwaukee,592712
955,Eduardo Salazar,"Cincinnati,Los Angeles",674285
956,Chris Sale,"Atlanta,Boston",519242
957,Adrian Sampson,Chicago,592716
958,Aaron Sanchez,"Minnesota,Washington",592717
959,An\xc3\xadbal S\xc3\xa1nchez,Washington,434671
960,Cristopher S\xc3\xa1nchez,Philadelphia,650911
961,Miguel S\xc3\xa1nchez,Milwaukee,667376
963,Sixto S\xc3\xa1nchez,Miami,664350
964,Yolmer Sanchez,Boston,570560
965,Phoenix Sanders,Tampa Bay,676637
966,Nick Sandlin,Cleveland,680704
967,Patrick Sandoval,Los Angeles,663776
968,Cole Sands,Minnesota,663485
969,Reiver Sanmartin,Cincinnati,665665
970,Miguel San\xc3\xb3,Los Angeles,593934
971,Dennis Santana,"New York,Texas",642701
972,Tony Santillan,Cincinnati,663574
973,Gregory Santos,"Chicago,San Francisco",666619
974,Tayler Saucedo,"Seattle,Toronto",642048
975,Matt Sauer,Kansas City,669422
976,Hirokazu Sawamura,Boston,617228
977,Josh Sborz,Texas,622250
978,Max Scherzer,"New York,Texas",453286
979,Clarke Schmidt,New York,657376
980,Jesse Scholtens,Chicago,669947
981,Jonathan Schoop,Detroit,570731
982,John Schreiber,"Boston,Kansas City",670167
983,Max Schrock,Cincinnati,621011
984,Frank Schwindel,Chicago,643524
985,Christian Scott,New York,681035
986,Tanner Scott,Miami,656945
987,Tayler Scott,"Boston,Houston,Los Angeles,Oakland,San Diego",605463
989,Connor Seabold,"Boston,Colorado",657756
990,JP Sears,"New York,Oakland",676664
991,Cody Sedlock,Baltimore,642060
992,Colin Selby,"Kansas City,Pittsburgh",681882
993,Sam Selman,Oakland,572125
994,Kodai Senga,New York,673540
995,Antonio Senzatela,Colorado,622608
996,Brian Serven,Colorado,661531
997,Anderson Severino,Chicago,644429
998,Luis Severino,New York,622663
999,Paul Sewald,"Arizona,Seattle",623149
1000,Bryan Shaw,"Chicago,Cleveland",543766
1001,Emmet Sheehan,Los Angeles,686218
1002,Jordan Sheffield,Colorado,642068
1003,Justus Sheffield,Seattle,656954
1004,Ryan Sherriff,Boston,595411
1005,Zack Short,Detroit,670097
1006,Chasen Shreve,"Cincinnati,Detroit,New York",592741
1007,Jared Shuster,"Atlanta,Chicago",694363
1008,Chase Silseth,Los Angeles,681217
1009,Andrelton Simmons,Chicago,592743
1010,Lucas Sims,Cincinnati,608371
1011,Brady Singer,Kansas City,663903
1012,Paul Skenes,Pittsburgh,694973
1013,Tarik Skubal,Detroit,669373
1015,Justin Slaten,Boston,686580
1016,Ethan Small,Milwaukee,663629
1017,Devin Smeltzer,"Miami,Minnesota",656970
1018,Burch Smith,Miami,572143
1019,Cade Smith,Cleveland,671922
1020,Caleb Smith,Arizona,592761
1021,Chad Smith,"Colorado,Oakland",663385
1022,Drew Smith,New York,622098
1023,Joe Smith,Minnesota,501925
1024,Will Smith,"Atlanta,Houston,Kansas City,Texas",519293
1025,AJ Smith-Shawver,Atlanta,700363
1026,Drew Smyly,Chicago,592767
1027,Kirby Snead,"Oakland,Seattle",669912
1028,Blake Snell,"San Diego,San Francisco",605483
1029,Collin Snider,"Kansas City,Seattle",676092
1030,Nicklaus Snyder,Texas,676766
1031,Jared Solomon,Cincinnati,676660
1032,Peter Solomon,Arizona,656981
1033,George Soriano,Miami,666277
1034,Jos\xc3\xa9 Soriano,Los Angeles,667755
1035,Michael Soroka,"Atlanta,Chicago",647336
1036,Gregory Soto,"Detroit,Philadelphia",642397
1037,Bennett Sousa,"Chicago,Houston,Milwaukee",656986
1038,Alex Speas,Texas,666208
1039,Gabe Speier,"Kansas City,Seattle",642100
1041,Mitch Spence,Oakland,687765
1042,Carson Spiers,Cincinnati,686730
1043,Jeffrey Springs,Tampa Bay,605488
1044,Locke St. John,Chicago,657766
1045,Jacob Stallings,Miami,607732
1046,Craig Stammen,San Diego,489334
1047,Ryne Stanek,"Houston,Seattle",592773
1048,Cody Stashak,Minnesota,664054
1049,Josh Staumont,"Kansas City,Minnesota",622251
1050,Drew Steckenrider,Seattle,608716
1051,Justin Steele,Chicago,657006
1052,Trevor Stephan,Cleveland,663986
1053,Jackson Stephens,Atlanta,623451
1054,Robert Stephenson,"Colorado,Pittsburgh,Tampa Bay",596112
1055,Brock Stewart,Minnesota,592779
1056,Gavin Stone,Los Angeles,694813
1057,Levi Stoudt,Cincinnati,686651
1058,Eric Stout,"Chicago,Pittsburgh",657770
1059,Matt Strahm,"Boston,Philadelphia",621381
1060,Dee Strange-Gordon,Washington,543829
1061,Stephen Strasburg,Washington,544931
1062,Chris Stratton,"Kansas City,Pittsburgh,St. Louis,Texas",608717
1063,Hunter Stratton,Pittsburgh,676702
1064,Hunter Strickland,"Cincinnati,Los Angeles",519326
1065,Spencer Strider,Atlanta,675911
1067,Ross Stripling,"Oakland,San Francisco,Toronto",548389
1068,Marcus Stroman,"Chicago,New York",573186
1069,Peter Strzelecki,"Arizona,Cleveland,Milwaukee",657265
1070,Garrett Stubbs,Philadelphia,596117
1071,Albert Su\xc3\xa1rez,Baltimore,544150
1072,Andrew Su\xc3\xa1rez,St. Louis,605498
1073,Jos\xc3\xa9 Suarez,Los Angeles,660761
1074,Ranger Su\xc3\xa1rez,Philadelphia,624133
1075,Robert Suarez,San Diego,663158
1076,Wander Suero,"Houston,Los Angeles",593833
1077,Beau Sulser,"Baltimore,Pittsburgh",676641
1078,Cole Sulser,"Arizona,Miami,New York",642121
1079,Brent Suter,"Cincinnati,Colorado,Milwaukee",608718
1080,Erik Swanson,"Seattle,Toronto",657024
1081,Matt Swarmer,Chicago,664161
1082,Devin Sweet,"Oakland,Seattle",682967
1083,Noah Syndergaard,"Cleveland,Los Angeles,Philadelphia",592789
1084,Thomas Szapucki,"New York,San Francisco",663378
1085,Jameson Taillon,"Chicago,New York",592791
1086,Domingo Tapia,"Oakland,San Diego",593619
1087,Freddy Tarnok,"Atlanta,Oakland",676206
1088,Dillon Tate,Baltimore,622253
1089,Blake Taylor,Houston,642130
1090,Josh Taylor,Kansas City,657031
1091,Michael A. Taylor,Kansas City,572191
1093,Julio Teheran,"Milwaukee,New York",527054
1094,Rowdy Tellez,Milwaukee,642133
1095,Kai-Wei Teng,San Francisco,678906
1096,Ryan Tepera,"Los Angeles,St. Louis",572193
1097,Jackson Tetreault,Washington,676194
1098,Juan Then,Seattle,672730
1099,Caleb Thielbar,Minnesota,573204
1100,Lane Thomas,Washington,657041
1101,Keegan Thompson,Chicago,624522
1102,Mason Thompson,Washington,666168
1103,Ryan Thompson,"Arizona,Tampa Bay",657044
1104,Zach Thompson,Pittsburgh,605507
1105,Zack Thompson,St. Louis,668868
1106,Tyler Thornburg,"Atlanta,Minnesota",592804
1107,Trent Thornton,"Seattle,Toronto",663423
1108,Jes\xc3\xbas Tinoco,Texas,622786
1109,Michael Tonkin,"Atlanta,Minnesota,New York",543859
1110,Justin Topa,"Milwaukee,Seattle",623437
1111,Luis Torrens,Seattle,620443
1112,Touki Toussaint,"Chicago,Cleveland,Los Angeles",657053
1113,Blake Treinen,Los Angeles,595014
1114,Alan Trejo,Colorado,676701
1115,Jose Trevino,New York,624431
1116,Lou Trivino,"New York,Oakland",642152
1117,Tanner Tully,Cleveland,668684
1119,Spencer Turnbull,"Detroit,Philadelphia",605513
1120,Kyle Tyler,"Miami,San Diego",667725
1121,Edwin Uceta,"Arizona,New York,Tampa Bay",670955
1122,Erich Uelmen,"Chicago,Philadelphia",657272
1123,Duane Underwood Jr.,Pittsburgh,621249
1124,Jos\xc3\xa9 Ure\xc3\xb1a,"Chicago,Colorado,Milwaukee,Texas",570632
1125,Julio Ur\xc3\xadas,Los Angeles,628711
1126,Abner Uribe,Milwaukee,682842
1127,Jos\xc3\xa9 Urquidy,Houston,664353
1128,Naoyuki Uwasawa,Boston,683822
1129,C\xc3\xa9sar Valdez,Los Angeles,491624
1130,Framber Valdez,Houston,664285
1131,Phillips Vald\xc3\xa9z,Boston,570488
1132,Chris Vallimont,Baltimore,681808
1133,Ricky Vanasco,Los Angeles,676568
1134,Josh VanMeter,Pittsburgh,642165
1135,Carlos Vargas,Arizona,672841
1136,Ildemaro Vargas,Washington,545121
1137,Gus Varland,"Los Angeles,Milwaukee",681402
1138,Louie Varland,Minnesota,686973
1139,Andrew Vasquez,"Detroit,Philadelphia,San Francisco,Toronto",607755
1140,Randy V\xc3\xa1squez,"New York,San Diego",681190
1141,Vince Velasquez,"Chicago,Pittsburgh",592826
1142,Anthony Veneziano,Kansas City,685107
1143,Drew VerHagen,St. Louis,572403
1145,Justin Verlander,"Houston,New York",434378
1146,Alex Vesia,Los Angeles,681911
1147,Nick Vespi,Baltimore,663989
1148,Will Vest,Detroit,676684
1149,Cam Vieaux,Pittsburgh,664944
1150,Thyago Vieira,Milwaukee,600986
1151,Eli Villalobos,Miami,681871
1152,David Villar,San Francisco,681584
1153,Darius Vines,Atlanta,670241
1154,Arodys Vizca\xc3\xadno,Kansas City,527055
1155,Victor Vodnik,Colorado,680767
1156,Jason Vosler,Cincinnati,613564
1157,Austin Voth,"Baltimore,Seattle,Washington",608723
1158,Michael Wacha,"Boston,Kansas City,San Diego",608379
1159,Jacob Waguespack,Tampa Bay,621097
1160,Adam Wainwright,St. Louis,425794
1161,Cole Waites,San Francisco,686972
1162,Ken Waldichuk,Oakland,686610
1163,Matt Waldron,San Diego,663362
1164,Josh Walker,New York,677020
1165,Ryan Walker,San Francisco,676254
1166,Taijuan Walker,"New York,Philadelphia",592836
1167,Jake Walsh,St. Louis,673904
1168,Blake Walston,Arizona,686796
1169,Brandon Walter,Boston,687888
1171,Nash Walters,Los Angeles,663534
1172,Donovan Walton,San Francisco,622268
1173,Andrew Wantz,Los Angeles,681806
1174,Thaddeus Ward,Washington,663658
1175,Art Warren,Cincinnati,605521
1176,Austin Warren,Los Angeles,681810
1177,Spenser Watkins,"Baltimore,Oakland",657093
1178,Ryan Weathers,"Miami,San Diego",677960
1179,Luke Weaver,"Arizona,Cincinnati,Kansas City,New York,Seattle",596133
1180,Jacob Webb,"Baltimore,Los Angeles",657097
1181,Logan Webb,San Francisco,657277
1182,Ryan Weber,New York,543901
1183,Jordan Weems,Washington,607179
1184,Zack Weiss,"Boston,Los Angeles",592848
1185,Greg Weissert,"Boston,New York",669711
1186,Alex Wells,Baltimore,649144
1187,Tyler Wells,Baltimore,669330
1188,J.B. Wendelken,Arizona,605525
1189,Joey Wentz,Detroit,666214
1190,Hayden Wesneski,Chicago,669713
1191,Zack Wheeler,Philadelphia,554430
1192,Brendan White,Detroit,686839
1193,Mitch White,"Los Angeles,Milwaukee,San Francisco,Toronto",669952
1194,Owen White,Texas,669391
1195,Forrest Whitley,Houston,666215
1197,Kodi Whitley,St. Louis,676831
1198,Garrett Whitlock,Boston,676477
1199,Rowan Wick,Chicago,592858
1200,Jordan Wicks,Chicago,696136
1201,Taylor Widener,Arizona,642203
1202,Collin Wiles,Oakland,621079
1203,Devin Williams,Milwaukee,642207
1204,Gavin Williams,Cleveland,668909
1205,Luke Williams,"Atlanta,Los Angeles",663897
1206,Trevor Williams,"New York,Washington",592866
1207,Brandon Williamson,Cincinnati,682227
1208,Amos Willingham,Washington,686294
1209,Bryse Wilson,"Milwaukee,Pittsburgh",669060
1210,Justin Wilson,Cincinnati,458677
1211,Steven Wilson,"Chicago,San Diego",621051
1212,Allan Winans,Atlanta,642216
1213,Josh Winckowski,Boston,670174
1214,Josh Winder,Minnesota,680739
1215,Trey Wingenter,Detroit,622259
1216,Cole Winn,Texas,668390
1217,Keaton Winn,San Francisco,676775
1218,Patrick Wisdom,Chicago,621550
1219,Brett Wisely,San Francisco,689172
1220,Matt Wisler,Tampa Bay,605538
1221,Nick Wittgren,"Kansas City,St. Louis",621295
1223,Jackson Wolf,San Diego,680232
1224,Jake Wong,Cincinnati,673858
1225,Bryan Woo,Seattle,693433
1226,Alex Wood,"Oakland,San Francisco",622072
1227,Jake Woodford,St. Louis,663765
1228,Brandon Woodruff,Milwaukee,605540
1229,Simeon Woods Richardson,Minnesota,680573
1230,William Woods,Atlanta,682016
1231,Kyle Wright,Atlanta,657140
1232,Randy Wynne,Cincinnati,691094
1233,Austin Wynns,San Francisco,642851
1234,Jimmy Yacabonis,"Miami,New York,Tampa Bay",642231
1235,Miguel Yajure,Pittsburgh,664337
1236,Yoshinobu Yamamoto,Los Angeles,808967
1237,Ryan Yarbrough,"Kansas City,Los Angeles,Tampa Bay",642232
1238,Kirby Yates,"Atlanta,Texas",489446
1239,Huascar Ynoa,Atlanta,660623
1240,Alex Young,"Cincinnati,Cleveland,San Francisco",622065
1241,Danny Young,"Atlanta,New York,Seattle",664849
1242,Aneurys Zabala,Miami,656008
1243,Rob Zastryzny,"Los Angeles,New York,Pittsburgh",642239
1244,Seby Zavala,Arizona,664874
1245,Angel Zerpa,Kansas City,672582
1246,T.J. Zeuch,Cincinnati,643615
1247,Bruce Zimmermann,Baltimore,669145
1248,Guillo Zu\xc3\xb1iga,"Los Angeles,St. Louis",670871
