DISPLAY_FIRST_LAST,PERSON_ID,TEAM_NAME
Jaylen Adams,1629121,
Ty-Shon Alexander,1630234,Phoenix Suns
Al-Farouq Aminu,202329,Chicago Bulls
Kostas Antetokounmpo,1628961,Los Angeles Lakers
Trevor Ariza,2772,Miami Heat
Dwayne Bacon,1628407,Orlando Magic
Aron Baynes,203382,Toronto Raptors
Jordan Bell,1628395,Golden State Warriors
DeAndre' Bembry,1627761,Toronto Raptors
Tyler Bey,1630189,Dallas Mavericks
Jordan Bone,1629648,
Brian Bowen II,1628968,
Jarrell Brantley,1629714,Utah Jazz
Amida Brimah,1628578,Indiana Pacers
Elijah Bryant,1629091,Milwaukee Bucks
Bruno Caboclo,203998,
Quinn Cook,1626188,
Nate Darling,1630268,Charlotte Hornets
Gabriel Deck,1630466,Oklahoma City Thunder
Damyean Dotson,1628422,Cleveland Cavaliers
Devon Dotson,1629653,Chicago Bulls
Sekou Doumbouya,1629635,Detroit Pistons
Jared Dudley,201162,Los Angeles Lakers
Henry Ellenson,1627740,
James Ennis III,203516,Orlando Magic
Tacko Fall,1629605,Boston Celtics
Cristiano Felicio,1626245,Chicago Bulls
Terrance Ferguson,1628390,
Yogi Ferrell,1627812,LA Clippers
Robert Franks,1629606,
Tim Frazier,204025,Memphis Grizzlies
Enes Freedom,202683,Portland Trail Blazers
Langston Galloway,204038,Phoenix Suns
Marc Gasol,201188,Los Angeles Lakers
Freddie Gillespie,1630273,Toronto Raptors
Kyle Guy,1629657,Sacramento Kings
Donta Hall,1629743,
Josh Hall,1630221,Oklahoma City Thunder
Jalen Harris,1630223,
Solomon Hill,203524,Atlanta Hawks
Jaylen Hoard,1629658,Oklahoma City Thunder
Rondae Hollis-Jefferson,1626178,Portland Trail Blazers
Caleb Homesley,1630258,Washington Wizards
Chandler Hutchison,1628990,Washington Wizards
Ersan Ilyasova,101141,Utah Jazz
Wes Iwundu,1628411,New Orleans Pelicans
Justin Jackson,1628382,Milwaukee Bucks
Justin James,1629713,Sacramento Kings
Mike James,1628455,Brooklyn Nets
Alize Johnson,1628993,Brooklyn Nets
Tyler Johnson,204020,Brooklyn Nets
Rodions Kurucs,1629066,
T.J. Leaf,1628388,Portland Trail Blazers
Jalen Lecque,1629665,
Will Magnay,1630266,
Thon Maker,1627748,
Karim Mane,1630211,
Nico Mannion,1630185,Golden State Warriors
Jeremiah Martin,1629725,Cleveland Cavaliers
Kelan Martin,1629103,Indiana Pacers
Frank Mason III,1628412,
Patrick McCaw,1627775,
Sean McDermott,1630253,Memphis Grizzlies
Alfonzo McKinnie,1628035,Los Angeles Lakers
Nicolo Melli,1629740,Dallas Mavericks
Darius Miller,203121,
Adam Mokoka,1629690,Chicago Bulls
E'Twaun Moore,202734,Phoenix Suns
Abdel Nader,1627846,Phoenix Suns
James Nunnally,203263,New Orleans Pelicans
Semi Ojeleye,1628400,Boston Celtics
Jahlil Okafor,1626143,Detroit Pistons
KZ Okpala,1629644,Miami Heat
Daniel Oturu,1630187,LA Clippers
Jabari Parker,203953,Boston Celtics
Anzejs Pasecniks,1628394,
Patrick Patterson,202335,LA Clippers
Justin Patton,1628383,
Norvel Pelle,203658,New York Knicks
Reggie Perry,1629617,Brooklyn Nets
Vincent Poirier,1629738,
Jontay Porter,1629007,Memphis Grizzlies
Jahmi'us Ramsey,1630186,Sacramento Kings
Chasson Randle,1626184,Orlando Magic
JJ Redick,200755,Dallas Mavericks
Cam Reynolds,1629244,
Grant Riller,1630203,Charlotte Hornets
Andre Roberson,203460,
Glenn Robinson III,203922,
JaKarr Sampson,203960,Indiana Pacers
Mike Scott,203118,Philadelphia 76ers
Iman Shumpert,202697,
Deividas Sirvydis,1629686,Detroit Pistons
Alen Smailagic,1629346,Golden State Warriors
Ray Spalding,1629034,
Cassius Stanley,1630199,Indiana Pacers
Jeff Teague,201952,Milwaukee Bucks
Khyri Thomas,1629017,Houston Rockets
Sindarius Thornwell,1628414,Orlando Magic
Anthony Tolliver,201229,Philadelphia 76ers
Axel Toupane,1626253,Milwaukee Bucks
Denzel Valentine,1627756,Chicago Bulls
Anderson Varejao,2760,
Brad Wanamaker,202954,Charlotte Hornets
Tremont Waters,1629682,Boston Celtics
Paul Watson,1628778,Toronto Raptors
Greg Whittington,204222,
D.J. Wilson,1628391,Houston Rockets
LaMarcus Aldridge,200746,Brooklyn Nets
Justin Anderson,1626147,
Carmelo Anthony,2546,Los Angeles Lakers
Ryan Arcidiacono,1627853,New York Knicks
Trevor Ariza,2772,
D.J. Augustin,201571,Los Angeles Lakers
Joel Ayayi,1630555,
Lonzo Ball,1628366,Chicago Bulls
Cat Barber,1627760,
Paris Bass,1628238,
Kent Bazemore,203145,Los Angeles Lakers
Jordan Bell,1628395,
DeAndre' Bembry,1627761,
Nemanja Bjelica,202357,Golden State Warriors
Eric Bledsoe,202339,Portland Trail Blazers
Keljin Blevins,1629833,Portland Trail Blazers
Leandro Bolmaro,1630195,Minnesota Timberwolves
Isaac Bonga,1629067,Toronto Raptors
Avery Bradley,202340,Los Angeles Lakers
Tony Bradley,1628396,Chicago Bulls
Ignas Brazdeikis,1629649,Orlando Magic
Armoni Brooks,1629717,Toronto Raptors
Sterling Brown,1628425,Dallas Mavericks
Chaundee Brown Jr.,1630602,Atlanta Hawks
Shaq Buchanan,1629783,
Trey Burke,203504,Dallas Mavericks
Devontae Cacok,1629719,San Antonio Spurs
Facundo Campazzo,1630267,Denver Nuggets
Devin Cannady,1629962,Orlando Magic
Willie Cauley-Stein,1626161,
Ahmad Caver,1629958,
Zylan Cheatham,1629597,
Chris Chiozza,1629185,Golden State Warriors
Marquese Chriss,1627737,Dallas Mavericks
Gary Clark,1629109,New Orleans Pelicans
Darren Collison,201954,
Tyler Cook,1629076,Chicago Bulls
Sharife Cooper,1630536,Atlanta Hawks
Petr Cornelie,1627822,
DeMarcus Cousins,202326,Denver Nuggets
Jarron Cumberland,1629600,
Ed Davis,202334,Cleveland Cavaliers
Javin DeLaurier,1629602,
Gabriel Deck,1630466,
Sam Dekker,1626155,
Cheick Diallo,1627767,
Damyean Dotson,1628422,
Sekou Doumbouya,1629635,
Jaime Echenique,1630693,
Carsen Edwards,1629035,Detroit Pistons
Rob Edwards,1630306,
CJ Elleby,1629604,Portland Trail Blazers
Wayne Ellington,201961,Los Angeles Lakers
James Ennis III,203516,
Tacko Fall,1629605,
Derrick Favors,202324,Oklahoma City Thunder
Malik Fitts,1630238,Boston Celtics
Bryn Forbes,1627854,Denver Nuggets
Aleem Ford,1630758,
Tim Frazier,204025,
Melvin Frazier Jr.,1628982,Oklahoma City Thunder
Enes Freedom,202683,
Langston Galloway,204038,
Marcus Garrett,1630585,
Freddie Gillespie,1630273,
Brandon Goodwin,1629164,Cleveland Cavaliers
Hassani Gravett,1629755,
Kyle Guy,1629657,
Tyler Hall,1629788,
Maurice Harkless,203090,Sacramento Kings
Jared Harper,1629607,New Orleans Pelicans
Aaron Henry,1630565,
Juancho Hernangomez,1627823,Utah Jazz
Solomon Hill,203524,
Jaylen Hoard,1629658,
Rodney Hood,203918,LA Clippers
Scotty Hopson,203816,
Dwight Howard,2730,Los Angeles Lakers
Markus Howard,1630210,Denver Nuggets
Elijah Hughes,1630190,Portland Trail Blazers
Feron Hunt,1630624,New York Knicks
Chandler Hutchison,1628990,
Serge Ibaka,201586,Milwaukee Bucks
Wes Iwundu,1628411,
Frank Jackson,1628402,Detroit Pistons
Josh Jackson,1628367,Sacramento Kings
BJ Johnson,1629168,
David Johnson,1630525,Toronto Raptors
Joe Johnson,2207,
Stanley Johnson,1626169,Los Angeles Lakers
Tyler Johnson,204020,
Jemerrio Jones,1629203,
Georgios Kalaitzakis,1630686,
George King,1628994,
Brandon Knight,202688,
Arnoldas Kulboka,1629083,Charlotte Hornets
Jeremy Lamb,203087,Sacramento Kings
Jake Layman,1627774,Minnesota Timberwolves
Scottie Lewis,1630575,Charlotte Hornets
Didi Louzada,1629712,Portland Trail Blazers
Gabriel Lundberg,1630994,Phoenix Suns
Timothe Luwawu-Cabarrot,1627789,Atlanta Hawks
Kelan Martin,1629103,
Dakota Mathias,1629751,
Cameron McGriff,1630787,
Alfonzo McKinnie,1628035,
JaQuori McLaughlin,1630605,
Ben McLemore,203463,Portland Trail Blazers
CJ Miles,101139,
Paul Millsap,200794,Philadelphia 76ers
Greg Monroe,202328,Minnesota Timberwolves
Matt Mooney,1629760,
Juwan Morgan,1629752,Boston Celtics
Jaylen Morris,1628537,
Emmanuel Mudiay,1626144,
Mychal Mulder,1628539,Miami Heat
Ade Murkey,1630278,
Abdel Nader,1627846,
RJ Nembhard Jr.,1630612,Cleveland Cavaliers
Malik Newman,1629005,
Nerlens Noel,203457,New York Knicks
David Nwaba,1628021,Houston Rockets
Semi Ojeleye,1628400,
Cameron Oliver,1628419,
Miye Oni,1629671,
Daniel Oturu,1630187,
Jaysean Paige,1629873,
Trayvon Palmer,1629309,
Kevin Pangos,1630698,
Jabari Parker,203953,
Eric Paschall,1629672,Utah Jazz
Elfrid Payton,203901,Phoenix Suns
Norvel Pelle,203658,
Reggie Perry,1629617,
Jamorko Pickett,1630691,Detroit Pistons
Yves Pons,1630582,Memphis Grizzlies
Myles Powell,1629619,Philadelphia 76ers
Joshua Primo,1630563,San Antonio Spurs
Davon Reed,1628432,Denver Nuggets
Justin Robinson,1629620,
Rajon Rondo,200765,Cleveland Cavaliers
Tomas Satoransky,203107,Washington Wizards
Jordan Schakel,1630648,Washington Wizards
Trevon Scott,1630286,
Jay Scrubb,1630206,LA Clippers
Wayne Selden,1627782,
Deividas Sirvydis,1629686,
Javonte Smart,1630606,Miami Heat
Tony Snell,203503,New Orleans Pelicans
Cassius Stanley,1630199,
Nik Stauskas,203917,Boston Celtics
Lance Stephenson,202362,Indiana Pacers
DJ Stewart,1630597,San Antonio Spurs
Craig Sword,1628591,
Keifer Sykes,1626208,
Emanuel Terry,1629150,
Tyrell Terry,1630179,Memphis Grizzlies
Jon Teske,1630257,
Brodric Thomas,1630271,Boston Celtics
Matt Thomas,1629744,Chicago Bulls
Killian Tillie,1629681,Memphis Grizzlies
Rayjon Tucker,1629730,Milwaukee Bucks
Denzel Valentine,1627756,
Luca Vildoza,1630492,Milwaukee Bucks
Kemba Walker,202689,New York Knicks
MJ Walker,1630640,
John Wall,202322,Houston Rockets
Tyrone Wallace,1627820,
Derrick Walton Jr.,1628476,
Brad Wanamaker,202954,
Tremont Waters,1629682,
Paul Watson,1628778,
Quinndary Weatherspoon,1629683,Golden State Warriors
Hassan Whiteside,202355,Utah Jazz
Lou Williams,101150,Atlanta Hawks
Cassius Winston,1630216,Washington Wizards
Robert Woodard II,1630218,San Antonio Spurs
Moses Wright,1630589,Dallas Mavericks
Steven Adams,203500,Memphis Grizzlies
D.J. Augustin,201571,Houston Rockets
Will Barton,203115,Toronto Raptors
Khem Birch,203920,San Antonio Spurs
Leandro Bolmaro,1630195,
James Bouknight,1630547,Charlotte Hornets
Tony Bradley,1628396,
Jarrell Brantley,1629714,
Sterling Brown,1628425,
Deonte Burton,1629126,
John Butler Jr.,1631219,Portland Trail Blazers
Facundo Campazzo,1630267,
Vlatko Cancar,1628427,Denver Nuggets
Vernon Carey Jr.,1630176,Utah Jazz
Michael Carter-Williams,203487,Orlando Magic
Willie Cauley-Stein,1626161,Houston Rockets
Kennedy Chandler,1631113,
Josh Christopher,1630528,Houston Rockets
Chance Comanche,1628435,
Xavier Cooks,1641645,Washington Wizards
Jarrett Culver,1629633,
Terence Davis,1629056,Sacramento Kings
Darius Days,1630620,Houston Rockets
Dewayne Dedmon,203473,Philadelphia 76ers
Matthew Dellavedova,203521,Sacramento Kings
Hamidou Diallo,1628977,Detroit Pistons
Gorgui Dieng,203476,San Antonio Spurs
Tyler Dorsey,1628416,
Devon Dotson,1629653,
PJ Dozier,1628408,Sacramento Kings
Goran Dragic,201609,Milwaukee Bucks
Bryn Forbes,1627854,
Michael Foster Jr.,1630701,
Wenyen Gabriel,1629117,Los Angeles Lakers
Rudy Gay,200752,Utah Jazz
Danny Green,201980,Cleveland Cavaliers
JaMychal Green,203210,Golden State Warriors
Blake Griffin,201933,Boston Celtics
Jordan Hall,1631160,
R.J. Hampton,1630181,Detroit Pistons
Montrezl Harrell,1626149,Philadelphia 76ers
Joe Harris,203925,Brooklyn Nets
Shaquille Harrison,1627885,Los Angeles Lakers
Udonis Haslem,2617,Miami Heat
Killian Hayes,1630165,Detroit Pistons
Juancho Hernangomez,1627823,
Willy Hernangomez,1626195,New Orleans Pelicans
George Hill,201588,Indiana Pacers
Malcolm Hill,1630792,
Danuel House Jr.,1627863,Philadelphia 76ers
Trevor Hudgins,1631309,Houston Rockets
Serge Ibaka,201586,
Andre Iguodala,2738,Golden State Warriors
Frank Jackson,1628402,
Alize Johnson,1628993,
Stanley Johnson,1626169,
Carlik Jones,1630637,Chicago Bulls
Kai Jones,1630539,Charlotte Hornets
Mfiondu Kabengele,1629662,Boston Celtics
Frank Kaminsky,1626163,Houston Rockets
Trevor Keels,1631211,New York Knicks
Louis King,1629663,Philadelphia 76ers
Nathan Knight,1630233,Minnesota Timberwolves
Kevin Knox II,1628995,Portland Trail Blazers
Christian Koloko,1631132,Toronto Raptors
Furkan Korkmaz,1627788,Philadelphia 76ers
Anthony Lamb,1630237,Golden State Warriors
Romeo Langford,1629641,San Antonio Spurs
Damion Lee,1627814,Phoenix Suns
Meyers Leonard,203086,Milwaukee Bucks
Justin Lewis,1631171,Chicago Bulls
Isaiah Livers,1630587,Detroit Pistons
Robin Lopez,201577,Cleveland Cavaliers
Theo Maledon,1630177,Charlotte Hornets
Tyrese Martin,1631213,Atlanta Hawks
Mac McClung,1630644,Philadelphia 76ers
Rodney McGruder,203585,Detroit Pistons
Chima Moneke,1631320,
Raul Neto,203526,Cleveland Cavaliers
Nerlens Noel,203457,
Jaylen Nowell,1629669,Minnesota Timberwolves
Frank Ntilikina,1628373,Dallas Mavericks
Kendrick Nunn,1629134,Washington Wizards
KZ Okpala,1629644,
Victor Oladipo,203506,Miami Heat
Theo Pinson,1629033,Dallas Mavericks
Kevin Porter Jr.,1629645,Houston Rockets
Otto Porter Jr.,203490,Toronto Raptors
Davon Reed,1628432,
Austin Rivers,203085,Minnesota Timberwolves
Isaiah Roby,1629676,New York Knicks
Terrence Ross,203082,Phoenix Suns
Ricky Rubio,201937,Cleveland Cavaliers
Jordan Schakel,1630648,
Jay Scrubb,1630206,
Chris Silva,1629735,
Kobi Simmons,1628424,Charlotte Hornets
Marko Simonovic,1630250,Chicago Bulls
Ish Smith,202397,Denver Nuggets
Xavier Sneed,1630270,Charlotte Hornets
Edmond Sumner,1628410,Brooklyn Nets
Terry Taylor,1630678,Chicago Bulls
Isaiah Todd,1630225,Washington Wizards
Juan Toscano-Anderson,1629308,Utah Jazz
Noah Vonleh,203943,
Kemba Walker,202689,
John Wall,202322,
Duane Washington Jr.,1630613,New York Knicks
Jack White,1631298,Denver Nuggets
Joe Wieskamp,1630580,Toronto Raptors
Lindell Wigginton,1629623,Milwaukee Bucks
Donovan Williams,1631495,Atlanta Hawks
Justise Winslow,1626159,Portland Trail Blazers
McKinley Wright IV,1630593,Dallas Mavericks
Gabe York,1628221,Indiana Pacers
Precious Achiuwa,1630173,New York Knicks
Bam Adebayo,1628389,Miami Heat
Ochai Agbaji,1630534,Toronto Raptors
Santi Aldama,1630583,Memphis Grizzlies
Nickeil Alexander-Walker,1629638,Minnesota Timberwolves
Grayson Allen,1628960,Phoenix Suns
Jarrett Allen,1628386,Cleveland Cavaliers
Timmy Allen,1641851,
Jose Alvarado,1630631,New Orleans Pelicans
Kyle Anderson,203937,Minnesota Timberwolves
Giannis Antetokounmpo,203507,Milwaukee Bucks
Thanasis Antetokounmpo,203648,Milwaukee Bucks
Cole Anthony,1630175,Orlando Magic
OG Anunoby,1628384,New York Knicks
Ryan Arcidiacono,1627853,
Deni Avdija,1630166,Washington Wizards
Deandre Ayton,1629028,Portland Trail Blazers
Udoka Azubuike,1628962,Phoenix Suns
Ibou Badji,1630641,Portland Trail Blazers
Marvin Bagley III,1628963,Washington Wizards
Amari Bailey,1641735,Charlotte Hornets
Patrick Baldwin Jr.,1631116,Washington Wizards
LaMelo Ball,1630163,Charlotte Hornets
Mo Bamba,1628964,Philadelphia 76ers
Paolo Banchero,1631094,Orlando Magic
Desmond Bane,1630217,Memphis Grizzlies
Dalano Banton,1630625,Portland Trail Blazers
Dominick Barlow,1631230,San Antonio Spurs
Harrison Barnes,203084,Sacramento Kings
Scottie Barnes,1630567,Toronto Raptors
RJ Barrett,1629628,Toronto Raptors
Charles Bassey,1629646,San Antonio Spurs
Emoni Bates,1641734,Cleveland Cavaliers
Keita Bates-Diop,1628966,Brooklyn Nets
Nicolas Batum,201587,Philadelphia 76ers
Darius Bazley,1629647,Utah Jazz
Bradley Beal,203078,Phoenix Suns
Malik Beasley,1627736,Milwaukee Bucks
MarJon Beauchamp,1630699,Milwaukee Bucks
Jules Bernard,1631262,Washington Wizards
Davis Bertans,202722,Charlotte Hornets
Patrick Beverley,201976,Milwaukee Bucks
Saddiq Bey,1630180,Atlanta Hawks
Goga Bitadze,1629048,Orlando Magic
Onuralp Bitim,1641931,Chicago Bulls
Bismack Biyombo,202687,Oklahoma City Thunder
Anthony Black,1641710,Orlando Magic
Leaky Black,1641778,Charlotte Hornets
Buddy Boeheim,1631205,Detroit Pistons
Bogdan Bogdanovic,203992,Atlanta Hawks
Bojan Bogdanovic,202711,New York Knicks
Bol Bol,1629626,Phoenix Suns
Marques Bolden,1629716,Charlotte Hornets
Devin Booker,1626164,Phoenix Suns
Brandon Boston Jr.,1630527,LA Clippers
Chris Boucher,1628449,Toronto Raptors
James Bouknight,1630547,
Jamaree Bouyea,1631123,San Antonio Spurs
Malaki Branham,1631103,San Antonio Spurs
Christian Braun,1631128,Denver Nuggets
Mikal Bridges,1628969,Brooklyn Nets
Miles Bridges,1628970,Charlotte Hornets
Oshae Brissett,1629052,Boston Celtics
Izaiah Brockington,1631167,
Malcolm Brogdon,1627763,Portland Trail Blazers
Armoni Brooks,1629717,
Dillon Brooks,1628415,Houston Rockets
Bruce Brown,1628971,Toronto Raptors
Jaylen Brown,1627759,Boston Celtics
Kendall Brown,1631112,Indiana Pacers
Kobe Brown,1641738,LA Clippers
Moses Brown,1629650,Portland Trail Blazers
Greg Brown III,1630535,Dallas Mavericks
Charlie Brown Jr.,1629718,New York Knicks
Troy Brown Jr.,1628972,Detroit Pistons
Jalen Brunson,1628973,New York Knicks
Thomas Bryant,1628418,Miami Heat
Kobe Bufkin,1641723,Atlanta Hawks
Reggie Bullock Jr.,203493,Houston Rockets
Alec Burks,202692,New York Knicks
Jared Butler,1630215,Washington Wizards
Jimmy Butler,202710,Miami Heat
Jamal Cain,1631288,Miami Heat
Kentavious Caldwell-Pope,203484,Denver Nuggets
Toumani Camara,1641739,Portland Trail Blazers
Clint Capela,203991,Atlanta Hawks
Jevon Carter,1628975,Chicago Bulls
Wendell Carter Jr.,1628976,Orlando Magic
DJ Carton,1630618,Toronto Raptors
Alex Caruso,1627936,Chicago Bulls
Colin Castleton,1630658,Los Angeles Lakers
Malcolm Cazalon,1630608,
Julian Champagnie,1630577,San Antonio Spurs
Justin Champagnie,1630551,Washington Wizards
Max Christie,1631108,Los Angeles Lakers
Sidy Cissoko,1631321,San Antonio Spurs
Brandon Clarke,1629634,Memphis Grizzlies
Jordan Clarkson,203903,Utah Jazz
Nic Claxton,1629651,Brooklyn Nets
Noah Clowney,1641730,Brooklyn Nets
Amir Coffey,1629599,LA Clippers
John Collins,1628381,Utah Jazz
Zach Collins,1628380,San Antonio Spurs
Mike Conley,201144,Minnesota Timberwolves
Pat Connaughton,1626192,Milwaukee Bucks
Bilal Coulibaly,1641731,Washington Wizards
Ricky Council IV,1641741,Philadelphia 76ers
Robert Covington,203496,Philadelphia 76ers
Torrey Craig,1628470,Chicago Bulls
Jae Crowder,203109,Milwaukee Bucks
Jalen Crutcher,1630622,
Cade Cunningham,1630595,Detroit Pistons
Seth Curry,203552,Charlotte Hornets
Stephen Curry,201939,Golden State Warriors
Dyson Daniels,1630700,New Orleans Pelicans
Anthony Davis,203076,Los Angeles Lakers
Johnny Davis,1631098,Washington Wizards
JD Davison,1631120,Boston Celtics
DeMar DeRozan,201942,Chicago Bulls
Dexter Dennis,1641926,
Donte DiVincenzo,1628978,New York Knicks
Moussa Diabate,1631217,LA Clippers
Mamadi Diakite,1629603,New York Knicks
Hamidou Diallo,1628977,
Gradey Dick,1641711,Toronto Raptors
Ousmane Dieng,1631172,Oklahoma City Thunder
Spencer Dinwiddie,203915,Los Angeles Lakers
Luka Doncic,1629029,Dallas Mavericks
Luguentz Dort,1629652,Oklahoma City Thunder
Ayo Dosunmu,1630245,Chicago Bulls
Jeff Dowtin Jr.,1630288,Philadelphia 76ers
Henri Drell,1630929,Chicago Bulls
Andre Drummond,203083,Chicago Bulls
Chris Duarte,1630537,Sacramento Kings
David Duke Jr.,1630561,San Antonio Spurs
Kris Dunn,1627739,Utah Jazz
Kevin Durant,201142,Phoenix Suns
Jalen Duren,1631105,Detroit Pistons
Tari Eason,1631106,Houston Rockets
Anthony Edwards,1630162,Minnesota Timberwolves
Kessler Edwards,1630556,Sacramento Kings
Keon Ellis,1631165,Sacramento Kings
Joel Embiid,203954,Philadelphia 76ers
Drew Eubanks,1629234,Phoenix Suns
Tosan Evbuomwan,1641787,Detroit Pistons
Dante Exum,203957,Dallas Mavericks
Bruno Fernando,1628981,Atlanta Hawks
Dorian Finney-Smith,1627827,Brooklyn Nets
Adam Flagler,1641745,Oklahoma City Thunder
Malachi Flynn,1630201,Detroit Pistons
Simone Fontecchio,1631323,Detroit Pistons
Jordan Ford,1630259,Sacramento Kings
Trent Forrest,1630235,Atlanta Hawks
Evan Fournier,203095,Detroit Pistons
De'Aaron Fox,1628368,Sacramento Kings
Javon Freeman-Liberty,1631241,Toronto Raptors
Alex Fudge,1641788,Dallas Mavericks
Markelle Fultz,1628365,Orlando Magic
Andrew Funk,1641847,Chicago Bulls
Wenyen Gabriel,1629117,
Daniel Gafford,1629655,Dallas Mavericks
Danilo Gallinari,201568,Milwaukee Bucks
Jaylin Galloway,1641945,Milwaukee Bucks
Darius Garland,1629636,Cleveland Cavaliers
Usman Garuba,1630586,Golden State Warriors
Luka Garza,1630568,Minnesota Timberwolves
Kaiser Gates,1629232,
Keyonte George,1641718,Utah Jazz
Paul George,202331,LA Clippers
Taj Gibson,201959,Detroit Pistons
Josh Giddey,1630581,Oklahoma City Thunder
Harry Giles III,1628385,Los Angeles Lakers
Shai Gilgeous-Alexander,1628983,Oklahoma City Thunder
Anthony Gill,1630264,Washington Wizards
Collin Gillespie,1631221,Denver Nuggets
Jacob Gilyard,1631367,Brooklyn Nets
Rudy Gobert,203497,Minnesota Timberwolves
Jordan Goodwin,1630692,Memphis Grizzlies
Aaron Gordon,203932,Denver Nuggets
Eric Gordon,201569,Phoenix Suns
Devonte' Graham,1628984,San Antonio Spurs
Jerami Grant,203924,Portland Trail Blazers
RaiQuan Gray,1630564,San Antonio Spurs
AJ Green,1631260,Milwaukee Bucks
Danny Green,201980,
Draymond Green,203110,Golden State Warriors
Jalen Green,1630224,Houston Rockets
Javonte Green,1629750,Chicago Bulls
Jeff Green,201145,Houston Rockets
Josh Green,1630182,Dallas Mavericks
AJ Griffin,1631100,Atlanta Hawks
Quentin Grimes,1629656,Detroit Pistons
Mouhamadou Gueye,1631338,Toronto Raptors
Mouhamed Gueye,1631243,Atlanta Hawks
Rui Hachimura,1629060,Los Angeles Lakers
Ashton Hagans,1630204,Portland Trail Blazers
Tyrese Haliburton,1630169,Indiana Pacers
R.J. Hampton,1630181,
Tim Hardaway Jr.,203501,Dallas Mavericks
James Harden,201935,LA Clippers
Jaden Hardy,1630702,Dallas Mavericks
Ron Harper Jr.,1631199,
Gary Harris,203914,Orlando Magic
Joe Harris,203925,
Kevon Harris,1630284,Orlando Magic
Tobias Harris,202699,Philadelphia 76ers
Shaquille Harrison,1627885,
Josh Hart,1628404,New York Knicks
Isaiah Hartenstein,1628392,New York Knicks
Sam Hauser,1630573,Boston Celtics
Jordan Hawkins,1641722,New Orleans Pelicans
Jaxson Hayes,1629637,Los Angeles Lakers
Killian Hayes,1630165,
Gordon Hayward,202330,Oklahoma City Thunder
Scoot Henderson,1630703,Portland Trail Blazers
Taylor Hendricks,1641707,Utah Jazz
Tyler Herro,1629639,Miami Heat
Buddy Hield,1627741,Philadelphia 76ers
Haywood Highsmith,1629312,Miami Heat
Nate Hinton,1630207,Houston Rockets
D'Moi Hodge,1641793,
Aaron Holiday,1628988,Houston Rockets
Jrue Holiday,201950,Boston Celtics
Justin Holiday,203200,Denver Nuggets
Richaun Holmes,1626158,Washington Wizards
Chet Holmgren,1631096,Oklahoma City Thunder
Jalen Hood-Schifino,1641720,Los Angeles Lakers
Al Horford,201143,Boston Celtics
Talen Horton-Tucker,1629659,Utah Jazz
Danuel House Jr.,1627863,
Caleb Houstan,1631216,Orlando Magic
Jett Howard,1641724,Orlando Magic
Kevin Huerter,1628989,Sacramento Kings
Jay Huff,1630643,Denver Nuggets
De'Andre Hunter,1629631,Atlanta Hawks
Matt Hurt,1630562,
Bones Hyland,1630538,LA Clippers
Joe Ingles,204060,Orlando Magic
Brandon Ingram,1627742,New Orleans Pelicans
Kyrie Irving,202681,Dallas Mavericks
Jonathan Isaac,1628371,Orlando Magic
Jaden Ivey,1631093,Detroit Pistons
Isaiah Jackson,1630543,Indiana Pacers
Justin Jackson,1628382,
Quenton Jackson,1631245,Indiana Pacers
Reggie Jackson,202704,Denver Nuggets
GG Jackson II,1641713,Memphis Grizzlies
Andre Jackson Jr.,1641748,Milwaukee Bucks
Jaren Jackson Jr.,1628991,Memphis Grizzlies
Trayce Jackson-Davis,1631218,Golden State Warriors
LeBron James,2544,Los Angeles Lakers
Jaime Jaquez Jr.,1631170,Miami Heat
DeJon Jarreau,1630610,
DaQuan Jeffries,1629610,New York Knicks
Trey Jemison,1641998,Memphis Grizzlies
Ty Jerome,1629660,Cleveland Cavaliers
Isaiah Joe,1630198,Oklahoma City Thunder
Cameron Johnson,1629661,Brooklyn Nets
Jalen Johnson,1630552,Atlanta Hawks
James Johnson,201949,Indiana Pacers
Keldon Johnson,1629640,San Antonio Spurs
Keon Johnson,1630553,Brooklyn Nets
Keyontae Johnson,1641749,Oklahoma City Thunder
Nikola Jokic,203999,Denver Nuggets
Colby Jones,1641732,Sacramento Kings
Damian Jones,1627745,Cleveland Cavaliers
Herbert Jones,1630529,New Orleans Pelicans
Mason Jones,1630222,Sacramento Kings
Tre Jones,1630200,San Antonio Spurs
Tyus Jones,1626145,Washington Wizards
Derrick Jones Jr.,1627884,Dallas Mavericks
DeAndre Jordan,201599,Denver Nuggets
Cory Joseph,202709,
Nikola Jovic,1631107,Miami Heat
Johnny Juzang,1630548,Utah Jazz
Luke Kennard,1628379,Memphis Grizzlies
Walker Kessler,1631117,Utah Jazz
Braxton Key,1630296,Denver Nuggets
Corey Kispert,1630557,Washington Wizards
Maxi Kleber,1628467,Dallas Mavericks
Kevin Knox II,1628995,
John Konchar,1629723,Memphis Grizzlies
Furkan Korkmaz,1627788,
Luke Kornet,1628436,Boston Celtics
Vit Krejci,1630249,Atlanta Hawks
Jonathan Kuminga,1630228,Golden State Warriors
Kyle Kuzma,1628398,Washington Wizards
Jake LaRavia,1631222,Memphis Grizzlies
Zach LaVine,203897,Chicago Bulls
Jock Landale,1629111,Houston Rockets
AJ Lawson,1630639,Dallas Mavericks
Caris LeVert,1627747,Cleveland Cavaliers
Saben Lee,1630240,Phoenix Suns
Alex Len,203458,Sacramento Kings
Kawhi Leonard,202695,LA Clippers
Maxwell Lewis,1641721,Los Angeles Lakers
Kira Lewis Jr.,1630184,Utah Jazz
E.J. Liddell,1630604,New Orleans Pelicans
Damian Lillard,203081,Milwaukee Bucks
Nassir Little,1629642,Phoenix Suns
Dereck Lively II,1641726,Dallas Mavericks
Isaiah Livers,1630587,
Chris Livingston,1641753,Milwaukee Bucks
Kenneth Lofton Jr.,1631254,Utah Jazz
Kevon Looney,1626172,Golden State Warriors
Brook Lopez,201572,Milwaukee Bucks
Robin Lopez,201577,
Kevin Love,201567,Miami Heat
Kyle Lowry,200768,Philadelphia 76ers
Seth Lundy,1641754,Atlanta Hawks
Trey Lyles,1626168,Sacramento Kings
Theo Maledon,1630177,
Sandro Mamukelashvili,1630572,San Antonio Spurs
Terance Mann,1629611,LA Clippers
Tre Mann,1630544,Charlotte Hornets
Boban Marjanovic,1626246,Houston Rockets
Lauri Markkanen,1628374,Utah Jazz
Naji Marshall,1630230,New Orleans Pelicans
Caleb Martin,1628997,Miami Heat
Cody Martin,1628998,Charlotte Hornets
KJ Martin,1630231,Philadelphia 76ers
Garrison Mathews,1629726,Atlanta Hawks
Bennedict Mathurin,1631097,Indiana Pacers
Wesley Matthews,202083,Atlanta Hawks
Tyrese Maxey,1630178,Philadelphia 76ers
Skylar Mays,1630219,Los Angeles Lakers
Miles McBride,1630540,New York Knicks
CJ McCollum,203468,New Orleans Pelicans
T.J. McConnell,204456,Indiana Pacers
Jaden McDaniels,1630183,Minnesota Timberwolves
Jalen McDaniels,1629667,Toronto Raptors
Doug McDermott,203926,Indiana Pacers
JaVale McGee,201580,Sacramento Kings
Bryce McGowens,1631121,Charlotte Hornets
Jordan McLaughlin,1629162,Minnesota Timberwolves
De'Anthony Melton,1629001,Philadelphia 76ers
Nathan Mensah,1641877,
Sam Merrill,1630241,Cleveland Cavaliers
Chimezie Metu,1629002,Detroit Pistons
Vasilije Micic,203995,Charlotte Hornets
Khris Middleton,203114,Milwaukee Bucks
Brandon Miller,1641706,Charlotte Hornets
Jordan Miller,1641757,LA Clippers
Leonard Miller,1631159,Minnesota Timberwolves
Patty Mills,201988,Miami Heat
Shake Milton,1629003,New York Knicks
Justin Minaya,1631303,Portland Trail Blazers
Josh Minott,1631169,Minnesota Timberwolves
Davion Mitchell,1630558,Sacramento Kings
Donovan Mitchell,1628378,Cleveland Cavaliers
Evan Mobley,1630596,Cleveland Cavaliers
Isaiah Mobley,1630600,Cleveland Cavaliers
Malik Monk,1628370,Sacramento Kings
Moses Moody,1630541,Golden State Warriors
Xavier Moon,1629875,LA Clippers
Taze Moore,1631386,
Wendell Moore Jr.,1631111,Minnesota Timberwolves
Ja Morant,1629630,Memphis Grizzlies
Markieff Morris,202693,Dallas Mavericks
Monte Morris,1628420,Minnesota Timberwolves
Marcus Morris Sr.,202694,Cleveland Cavaliers
Trey Murphy III,1630530,New Orleans Pelicans
Dejounte Murray,1627749,Atlanta Hawks
Jamal Murray,1627750,Denver Nuggets
Keegan Murray,1631099,Sacramento Kings
Kris Murray,1631200,Portland Trail Blazers
Mike Muscala,203488,Oklahoma City Thunder
Svi Mykhailiuk,1629004,Boston Celtics
Pete Nance,1631250,Cleveland Cavaliers
Larry Nance Jr.,1626204,New Orleans Pelicans
Andrew Nembhard,1629614,Indiana Pacers
Aaron Nesmith,1630174,Indiana Pacers
Georges Niang,1627777,Cleveland Cavaliers
Daishen Nix,1630227,Minnesota Timberwolves
Zeke Nnaji,1630192,Denver Nuggets
Jaylen Nowell,1629669,
Markquis Nowell,1641806,
Frank Ntilikina,1628373,
Jusuf Nurkic,203994,Phoenix Suns
Jordan Nwora,1629670,Toronto Raptors
Royce O'Neale,1626220,Phoenix Suns
Chuma Okeke,1629643,Orlando Magic
Josh Okogie,1629006,Phoenix Suns
Onyeka Okongwu,1630168,Atlanta Hawks
Isaac Okoro,1630171,Cleveland Cavaliers
Kelly Olynyk,203482,Toronto Raptors
Eugene Omoruyi,1630647,Washington Wizards
Cedi Osman,1626224,San Antonio Spurs
Kelly Oubre Jr.,1626162,Philadelphia 76ers
Chris Paul,101108,Golden State Warriors
Cameron Payne,1626166,Philadelphia 76ers
Gary Payton II,1627780,Golden State Warriors
Maozinha Pereira,1641970,
Drew Peterson,1641809,Boston Celtics
Filip Petrusev,1630196,
Julian Phillips,1641763,Chicago Bulls
Jalen Pickett,1629618,Denver Nuggets
Scotty Pippen Jr.,1630590,Memphis Grizzlies
Mason Plumlee,203486,LA Clippers
Brandin Podziemski,1641764,Golden State Warriors
Jakob Poeltl,1627751,Toronto Raptors
Aleksej Pokusevski,1630197,Charlotte Hornets
Jordan Poole,1629673,Washington Wizards
Jontay Porter,1629007,
Craig Porter Jr.,1641854,Cleveland Cavaliers
Michael Porter Jr.,1629008,Denver Nuggets
Otto Porter Jr.,203490,
Bobby Portis,1626171,Milwaukee Bucks
Kristaps Porzingis,204001,Boston Celtics
Micah Potter,1630695,Utah Jazz
Dwight Powell,203939,Dallas Mavericks
Norman Powell,1626181,LA Clippers
Jason Preston,1630554,Utah Jazz
Joshua Primo,1630563,
Taurean Prince,1627752,Los Angeles Lakers
Payton Pritchard,1630202,Boston Celtics
Olivier-Maxence Prosper,1641765,Dallas Mavericks
Trevelin Queen,1630243,Orlando Magic
Neemias Queta,1629674,Boston Celtics
Immanuel Quickley,1630193,Toronto Raptors
Lester Quinones,1631311,Golden State Warriors
Jahmi'us Ramsey,1630186,
Julius Randle,203944,New York Knicks
Duop Reath,1641871,Portland Trail Blazers
Austin Reaves,1630559,Los Angeles Lakers
Cam Reddish,1629629,Los Angeles Lakers
Paul Reed,1630194,Philadelphia 76ers
Naz Reid,1629675,Minnesota Timberwolves
Jared Rhoden,1631197,Detroit Pistons
Nick Richards,1630208,Charlotte Hornets
Josh Richardson,1626196,Miami Heat
Duncan Robinson,1629130,Miami Heat
Jerome Robinson,1629010,Golden State Warriors
Mitchell Robinson,1629011,New York Knicks
Orlando Robinson,1631115,Miami Heat
Jeremiah Robinson-Earl,1630526,New Orleans Pelicans
David Roddy,1631223,Phoenix Suns
Ryan Rollins,1631157,Milwaukee Bucks
Derrick Rose,201565,Memphis Grizzlies
Terry Rozier,1626179,Miami Heat
Rayan Rupert,1641712,Portland Trail Blazers
D'Angelo Russell,1626156,Los Angeles Lakers
Matt Ryan,1630346,New Orleans Pelicans
Domantas Sabonis,1627734,Sacramento Kings
Luka Samanic,1629677,Utah Jazz
Jermaine Samuels Jr.,1631257,Houston Rockets
Adama Sanogo,1641766,Chicago Bulls
Gui Santos,1630611,Golden State Warriors
Dario Saric,203967,Golden State Warriors
Olivier Sarr,1630846,Oklahoma City Thunder
Marcus Sasser,1631204,Detroit Pistons
Admiral Schofield,1629678,Orlando Magic
Dennis Schroder,203471,Brooklyn Nets
Dereon Seabron,1631220,New Orleans Pelicans
Alperen Sengun,1630578,Houston Rockets
Brice Sensabaugh,1641729,Utah Jazz
Collin Sexton,1629012,Utah Jazz
Landry Shamet,1629013,Washington Wizards
Day'Ron Sharpe,1630549,Brooklyn Nets
Shaedon Sharpe,1631101,Portland Trail Blazers
Ben Sheppard,1641767,Indiana Pacers
Pascal Siakam,1627783,Indiana Pacers
Ben Simmons,1627732,Brooklyn Nets
Kobi Simmons,1628424,
Anfernee Simons,1629014,Portland Trail Blazers
Zavier Simpson,1630285,
Jericho Sims,1630579,New York Knicks
Dmytro Skapintsev,1631376,
Jalen Slawson,1641771,Sacramento Kings
Javonte Smart,1630606,
Marcus Smart,203935,Memphis Grizzlies
Dru Smith,1630696,
Ish Smith,202397,
Jalen Smith,1630188,Indiana Pacers
Terquavion Smith,1631173,Philadelphia 76ers
Dennis Smith Jr.,1628372,Brooklyn Nets
Jabari Smith Jr.,1631095,Houston Rockets
Nick Smith Jr.,1641733,Charlotte Hornets
Jeremy Sochan,1631110,San Antonio Spurs
Pat Spencer,1630311,Golden State Warriors
Jaden Springer,1630531,Boston Celtics
Lamar Stevens,1630205,Memphis Grizzlies
Isaiah Stewart,1630191,Detroit Pistons
Julian Strawther,1631124,Denver Nuggets
Max Strus,1629622,Cleveland Cavaliers
Jalen Suggs,1630591,Orlando Magic
Cole Swider,1631306,Miami Heat
Jae'Sean Tate,1630256,Houston Rockets
Jayson Tatum,1628369,Boston Celtics
Terry Taylor,1630678,
Garrett Temple,202066,Toronto Raptors
Dalen Terry,1631207,Chicago Bulls
Daniel Theis,1628464,LA Clippers
Cam Thomas,1630560,Brooklyn Nets
Isaiah Thomas,202738,Phoenix Suns
Amen Thompson,1641708,Houston Rockets
Ausar Thompson,1641709,Detroit Pistons
Klay Thompson,202691,Golden State Warriors
Tristan Thompson,202684,Cleveland Cavaliers
JT Thor,1630550,Charlotte Hornets
Matisse Thybulle,1629680,Portland Trail Blazers
Xavier Tillman,1630214,Boston Celtics
Jacob Toppin,1631210,New York Knicks
Obi Toppin,1630167,Indiana Pacers
Juan Toscano-Anderson,1629308,
Karl-Anthony Towns,1626157,Minnesota Timberwolves
Gary Trent Jr.,1629018,Toronto Raptors
Oscar Tshiebwe,1631131,Indiana Pacers
P.J. Tucker,200782,LA Clippers
Myles Turner,1626167,Indiana Pacers
Hunter Tyson,1641816,Denver Nuggets
Stanley Umude,1630649,Detroit Pistons
Jonas Valanciunas,202685,New Orleans Pelicans
Fred VanVleet,1627832,Houston Rockets
Jarred Vanderbilt,1629020,Los Angeles Lakers
Devin Vassell,1630170,San Antonio Spurs
Sasha Vezenkov,1628426,Sacramento Kings
Gabe Vincent,1629216,Los Angeles Lakers
Nikola Vucevic,202696,Chicago Bulls
Tristan Vukcevic,1641774,Washington Wizards
Dean Wade,1629731,Cleveland Cavaliers
Franz Wagner,1630532,Orlando Magic
Moritz Wagner,1629021,Orlando Magic
Ish Wainright,1630688,Phoenix Suns
Jabari Walker,1631133,Portland Trail Blazers
Jarace Walker,1641716,Indiana Pacers
Lonnie Walker IV,1629022,Brooklyn Nets
Cason Wallace,1641717,Oklahoma City Thunder
Jordan Walsh,1641775,Boston Celtics
T.J. Warren,203933,Minnesota Timberwolves
P.J. Washington,1629023,Dallas Mavericks
TyTy Washington Jr.,1631102,Milwaukee Bucks
Yuta Watanabe,1629139,Memphis Grizzlies
Lindy Waters III,1630322,Oklahoma City Thunder
Trendon Watford,1630570,Brooklyn Nets
Peyton Watson,1631212,Denver Nuggets
Victor Wembanyama,1641705,San Antonio Spurs
Blake Wesley,1631104,San Antonio Spurs
Russell Westbrook,201566,LA Clippers
Coby White,1629632,Chicago Bulls
Derrick White,1628401,Boston Celtics
Jack White,1631298,
Dariq Whitehead,1641727,Brooklyn Nets
Cam Whitmore,1641715,Houston Rockets
Aaron Wiggins,1630598,Oklahoma City Thunder
Andrew Wiggins,203952,Golden State Warriors
Lindell Wigginton,1629623,
Alondes Williams,1631214,Miami Heat
Brandon Williams,1630314,Dallas Mavericks
Grant Williams,1629684,Charlotte Hornets
Jalen Williams,1631114,Oklahoma City Thunder
Jaylin Williams,1631119,Oklahoma City Thunder
Kenrich Williams,1629026,Oklahoma City Thunder
Malik Williams,1642013,Toronto Raptors
Mark Williams,1631109,Charlotte Hornets
Nate Williams,1631466,Houston Rockets
Patrick Williams,1630172,Chicago Bulls
Ziaire Williams,1630533,Memphis Grizzlies
Robert Williams III,1629057,Portland Trail Blazers
Vince Williams Jr.,1631246,Memphis Grizzlies
Zion Williamson,1629627,New Orleans Pelicans
D.J. Wilson,1628391,
Jalen Wilson,1630592,Brooklyn Nets
Dylan Windler,1629685,Atlanta Hawks
James Wiseman,1630164,Detroit Pistons
Isaiah Wong,1631209,Indiana Pacers
Christian Wood,1626174,Los Angeles Lakers
Delon Wright,1626153,Miami Heat
Thaddeus Young,201152,Phoenix Suns
Trae Young,1629027,Atlanta Hawks
Omer Yurtseven,1630209,Utah Jazz
Cody Zeller,203469,New Orleans Pelicans
Ivica Zubac,1627826,LA Clippers
