,Name,Tm,mlbID,key_bbref
1,Cory Abbott,Chicago,676265,abbotco01
2,CJ Abrams,"San Diego,Washington",682928,abramcj01
3,Jos\xc3\xa9 Abreu,"Chicago,Houston",547989,abreujo02
4,Wilyer Abreu,Boston,677800,abreuwi02
5,Luisangel Acu\xc3\xb1a,New York,682668,acunajo01
6,Ronald Acu\xc3\xb1a Jr.,Atlanta,660670,acunaro01
7,Willy Adames,"Milwaukee,Tampa Bay",642715,adamewi01
8,Jordyn Adams,Los Angeles,677941,adamsjo03
9,Matt Adams,Colorado,571431,adamsma01
10,Riley Adams,"Toronto,Washington",656180,adamsri03
11,Jo Adell,Los Angeles,666176,adelljo01
12,Joan Adon,Washington,672851,adonjo01
13,Ehire Adrianza,"Atlanta,Los Angeles,Washington",501303,adriaeh01
14,Jes\xc3\xbas Aguilar,"Baltimore,Miami,Oakland",542583,aguilje01
15,Ryan Aguilar,Los Angeles,666922,aguilry01
16,Nick Ahmed,"Arizona,Los Angeles,San Diego,San Francisco",605113,ahmedni01
17,Keegan Akin,Baltimore,669211,akinke01
18,Shogo Akiyama,Cincinnati,673451,akiyash01
19,R.J. Alaniz,Cincinnati,595798,alanirj01
20,Hanser Alberto,"Chicago,Kansas City,Los Angeles",593643,alberha01
21,Ozzie Albies,Atlanta,645277,albieoz01
22,Kevin Alc\xc3\xa1ntara,Chicago,682634,alcanke01
23,Sandy Alc\xc3\xa1ntara,Miami,645261,alcansa01
24,Sergio Alc\xc3\xa1ntara,"Arizona,Chicago,San Diego",642727,alcanse01
25,Blaze Alexander,Arizona,677942,alexabl01
27,CJ Alexander,Kansas City,680769,alexacj01
28,Tyler Alexander,Detroit,641302,alexaty01
29,Jorge Alfaro,"Boston,Colorado,Miami,San Diego",595751,alfarjo01
30,Anthony Alford,Pittsburgh,546990,alforan01
31,Kolby Allard,Texas,663465,allarko01
32,Austin Allen,Oakland,664119,allenau01
33,Greg Allen,"New York,Pittsburgh",656185,allengr01
34,Logan Allen,Cleveland,663531,allenlo01
35,Nick Allen,Oakland,669397,allenni02
36,Abraham Almonte,"Atlanta,Boston,New York",501659,almonab01
37,Yency Almonte,Colorado,622075,almonye01
38,Albert Almora,"Cincinnati,New York",546991,almoral01
39,Pete Alonso,New York,624413,alonspe01
40,Jose Altuve,Houston,514888,altuvjo01
41,Jake Alu,Washington,666906,aluja01
42,Jos\xc3\xa9 Alvarado,Philadelphia,621237,alvarjo03
43,Armando Alvarez,Oakland,669137,alvarar01
44,Eddy Alvarez,"Los Angeles,Miami,New York",657193,alvared01
45,Francisco Alvarez,New York,682626,alvarfr01
46,Jos\xc3\xa9 \xc3\x81lvarez,San Francisco,501625,alvarjo02
47,Nacho Alvarez Jr.,Atlanta,805373,alvarna01
48,Yordan Alvarez,Houston,670541,alvaryo01
49,Adbert Alzolay,Chicago,640470,alzolad01
50,Adael Amador,Colorado,691182,amadoad01
51,Jacob Amaya,"Chicago,Houston,Miami",676070,amayaja01
53,Miguel Amaya,Chicago,665804,amayami01
54,Trey Amburgey,New York,664011,amburtr01
55,Brett Anderson,Milwaukee,474463,anderbr04
56,Brian Anderson,"Atlanta,Miami,Milwaukee",605119,anderbr06
57,Chase Anderson,Philadelphia,502624,anderch01
58,Ian Anderson,Atlanta,666120,anderia01
59,Tanner Anderson,Pittsburgh,664196,anderta01
60,Tim Anderson,"Chicago,Miami",641313,anderti01
61,Tyler Anderson,"Los Angeles,Pittsburgh,Seattle",542881,anderty01
62,John Andreoli,San Diego,607430,andrejo03
63,Elvis Andrus,"Chicago,Oakland",462101,andruel01
64,Miguel Andujar,"New York,Oakland,Pittsburgh",609280,andujmi01
65,Tejay Antone,Cincinnati,622088,antonte01
66,Aristides Aquino,Cincinnati,606157,aquinar01
67,Jonathan Aranda,Tampa Bay,666018,arandjo01
68,Jonathan Ara\xc3\xbaz,"Baltimore,Boston,New York",660620,arauzjo01
69,Orlando Arcia,"Atlanta,Milwaukee",606115,arciaor01
70,Nolan Arenado,St. Louis,571448,arenano01
71,Gabriel Arias,Cleveland,672356,ariasga01
72,Kohei Arihara,Texas,685503,arihako01
73,Randy Arozarena,"Seattle,Tampa Bay",668227,arozara01
74,Luis Arr\xc3\xa1ez,"Miami,Minnesota,San Diego",650333,arraelu01
75,Jake Arrieta,"Chicago,San Diego",453562,arrieja01
76,Christian Arroyo,Boston,624414,arroych01
77,Humberto Arteaga,Washington,600858,arteahu01
79,Aaron Ashby,Milwaukee,676879,ashbyaa01
80,Willians Astudillo,"Miami,Minnesota",553902,astudwi01
81,Alex Avila,Washington,488671,avilaal01
82,Pedro Avila,San Diego,658648,avilape01
83,Jos\xc3\xa9 Azocar,San Diego,640492,azocajo01
84,Akil Baddoo,Detroit,668731,baddoak01
85,Harrison Bader,"Cincinnati,New York,St. Louis",664056,baderha01
86,Ji Hwan Bae,Pittsburgh,678225,baeji01
87,Javier B\xc3\xa1ez,"Chicago,Detroit,New York",595879,baezja01
88,Patrick Bailey,San Francisco,672275,bailepa01
89,Darren Baker,Washington,671117,bakerda02
90,Luken Baker,St. Louis,663609,bakerlu01
91,Brooks Baldwin,Chicago,681460,baldwbr01
92,Anthony Banda,New York,607455,bandaan01
93,Rylan Bannon,"Atlanta,Baltimore,Houston",676625,bannory01
94,David Ba\xc3\xb1uelos,Baltimore,675915,banueda01
95,Caleb Baragar,San Francisco,670056,baragca01
96,Daniel Bard,Colorado,453268,bardda01
97,Addison Barger,Toronto,680718,bargead01
98,Austin Barnes,Los Angeles,605131,barneau01
99,Charlie Barnes,Minnesota,656212,barnech01
100,Tucker Barnhart,"Arizona,Chicago,Cincinnati,Detroit",571466,barnhtu01
101,Luis Barrera,Oakland,642456,barrelu01
102,Tres Barrera,"St. Louis,Washington",668663,barretr01
103,Jose Barrero,Cincinnati,676480,garcijo02
105,Jaime Barria,Los Angeles,642545,barrija01
106,Jorge Barrosa,Arizona,678489,barrojo01
107,Joey Bart,"Pittsburgh,San Francisco",663698,bartjo01
108,Osleivis Basabe,Tampa Bay,678545,basabos01
109,Anthony Bass,Miami,542914,bassan01
110,Chris Bassitt,Oakland,605135,bassich01
111,Matthew Batten,San Diego,676946,battema01
112,Brett Baty,New York,683146,batybr01
113,Trevor Bauer,Los Angeles,545333,bauertr01
114,Jake Bauers,"Cleveland,Milwaukee,New York,Seattle",641343,bauerja01
115,Matt Beaty,"Kansas City,Los Angeles,San Diego,San Francisco",607461,beatyma01
116,Jordan Beck,Colorado,687597,beckjo01
117,Tim Beckham,Minnesota,542921,beckhti01
118,David Bednar,Pittsburgh,670280,bednada01
119,Seth Beer,Arizona,666179,beerse01
120,Josh Bell,"Arizona,Cleveland,Miami,San Diego,Washington",605137,belljo02
121,Cody Bellinger,"Chicago,Los Angeles",641355,bellico01
122,Brandon Belt,"San Francisco,Toronto",474832,beltbr01
123,Anthony Bemboom,"Baltimore,Los Angeles",621532,bemboan01
124,Anthony Bender,Miami,669622,bendean01
125,Andrew Benintendi,"Chicago,Kansas City,New York",643217,beninan01
126,Will Benson,"Cincinnati,Cleveland",666181,bensowi01
127,Wynton Bernard,Colorado,592144,bernawy01
128,Jos\xc3\xa9 Berr\xc3\xados,"Minnesota,Toronto",621244,berrijo01
129,Steward Berroa,Toronto,672642,berrost01
131,Jon Berti,"Miami,New York",542932,bertijo01
132,Christian Bethancourt,"Chicago,Miami,Oakland,Tampa Bay",542194,bethach01
133,Alec Bettinger,Milwaukee,676424,bettial01
134,Mookie Betts,Los Angeles,605141,bettsmo01
135,Bo Bichette,Toronto,666182,bichebo01
136,Phil Bickford,Los Angeles,641360,bickfph01
137,Shane Bieber,Cleveland,669456,biebesh01
138,Cavan Biggio,"Atlanta,Los Angeles,Toronto",624415,biggica01
139,Braden Bishop,Seattle,623323,bishobr01
140,Tyler Black,Milwaukee,672012,blackty01
141,Charlie Blackmon,Colorado,453568,blackch02
142,Dairon Blanco,Kansas City,680118,blancda02
143,Alex Blandino,Cincinnati,607468,blandal01
144,Travis Blankenhorn,"Minnesota,New York,Washington",663905,blanktr01
145,JJ Bleday,"Miami,Oakland",668709,bledajj01
146,Richard Bleier,Miami,542947,bleieri01
147,Ryan Bliss,Seattle,669208,blissry01
148,Xander Bogaerts,"Boston,San Diego",593428,bogaexa01
149,Alec Bohm,Philadelphia,664761,bohmal01
150,Skye Bolt,"Oakland,San Francisco",621450,boltsk01
151,Jorge Bonifacio,Philadelphia,593528,bonifjo01
152,David Bote,Chicago,623520,boteda01
153,Sean Bouchard,Colorado,656248,bouchse01
154,Matthew Boyd,Detroit,571510,boydma01
155,Archie Bradley,Philadelphia,605151,bradlar01
157,Bobby Bradley,Cleveland,656252,bradlbo01
158,Jackie Bradley Jr.,"Boston,Kansas City,Milwaukee,Toronto",598265,bradlja02
159,Michael Brantley,Houston,488726,brantmi02
160,Rob Brantly,"New York,Tampa Bay",542963,brantro01
161,Steven Brault,Pittsburgh,643230,braulst01
162,John Brebbia,San Francisco,605154,brebbjo01
163,Alex Bregman,Houston,608324,bregmal01
164,Will Brennan,Cleveland,686823,brennwi02
165,Jake Brentz,Kansas City,641394,brentja01
166,Jonah Bride,"Miami,Oakland",681146,bridejo01
167,Lewis Brinson,"Miami,San Francisco",621446,brinsle01
168,Trenton Brooks,San Francisco,670092,brooktr01
169,Mike Brosseau,"Milwaukee,Tampa Bay",670712,brossmi01
170,Rex Brothers,Chicago,571521,brothre01
171,Seth Brown,Oakland,664913,brownse01
172,JT Brubaker,Pittsburgh,664141,brubajt01
173,Jay Bruce,New York,457803,bruceja01
174,Justin Bruihl,Los Angeles,677865,bruihju01
175,Vidal Bruj\xc3\xa1n,"Miami,Tampa Bay",660644,brujavi01
176,Kris Bryant,"Chicago,Colorado,San Francisco",592178,bryankr01
177,Kris Bubic,Kansas City,663460,bubickr01
178,Walker Buehler,Los Angeles,621111,buehlwa01
179,Madison Bumgarner,Arizona,518516,bumgama01
180,Dylan Bundy,Los Angeles,605164,bundydy01
181,Peyton Burdick,Miami,680814,burdipe01
183,Jake Burger,"Chicago,Miami",669394,burgeja01
184,Alec Burleson,St. Louis,676475,burleal01
185,Corbin Burnes,Milwaukee,669203,burneco01
186,Andy Burns,Los Angeles,542992,burnsan01
187,Michael Busch,"Chicago,Los Angeles",683737,buschmi02
188,Drew Butera,Los Angeles,460077,buterdr01
189,Lawrence Butler,Oakland,671732,butlela01
190,Byron Buxton,Minnesota,621439,buxtoby01
191,Jos\xc3\xa9 Caballero,"Seattle,Tampa Bay",676609,cabaljo01
192,Trey Cabbage,"Houston,Los Angeles",663550,cabbatr01
193,Asdr\xc3\xbabal Cabrera,"Arizona,Cincinnati",452678,cabreas01
194,Edward Cabrera,Miami,665795,cabreed02
195,Miguel Cabrera,Detroit,408234,cabremi01
196,Oswaldo Cabrera,New York,665828,cabreos01
197,Trevor Cahill,Pittsburgh,502239,cahiltr01
198,Lorenzo Cain,Milwaukee,456715,cainlo01
199,Kole Calhoun,"Arizona,Cleveland,Texas",594777,calhoko01
200,Willie Calhoun,"Los Angeles,New York,San Francisco,Texas",641432,calhowi01
201,Alex Call,"Cleveland,Washington",669743,callal02
202,Daniel Camarena,San Diego,547176,camarda01
203,Jair Camargo,Minnesota,665856,camarja01
204,Johan Camargo,"Atlanta,Philadelphia,San Francisco",622666,camarjo01
205,Daz Cameron,"Detroit,Oakland",663662,camerda01
206,Junior Caminero,Tampa Bay,691406,caminju01
207,Eric Campbell,Seattle,493472,campber01
209,Paul Campbell,Miami,669294,campbpa02
210,Gustavo Campero,Los Angeles,672569,campegu01
211,Luis Campusano,San Diego,669134,campulu01
212,Alexander Canario,Chicago,672744,canaral01
213,Jeimer Candelario,"Chicago,Cincinnati,Detroit,Washington",600869,candeje01
214,Mark Canha,"Detroit,Milwaukee,New York,Oakland,San Francisco",592192,canhama01
215,Griffin Canning,Los Angeles,656288,cannigr01
216,Robinson Can\xc3\xb3,"Atlanta,New York,San Diego",429664,canoro01
217,Dominic Canzone,"Arizona,Seattle",686527,canzodo01
218,Conner Capel,"Cincinnati,Oakland,St. Louis",668843,capelco01
219,Vinny Capra,"Milwaukee,Pittsburgh,Toronto",681962,capravi01
220,Victor Caratini,"Houston,Milwaukee,San Diego",605170,caratvi01
221,Dylan Carlson,"St. Louis,Tampa Bay",666185,carlsdy01
222,Kerry Carpenter,Detroit,681481,carpeke01
223,Matt Carpenter,"New York,San Diego,St. Louis",572761,carpema01
224,Carlos Carrasco,New York,471911,carraca01
225,Corbin Carroll,Arizona,682998,carroco02
226,Evan Carter,Texas,694497,carteev01
227,Curt Casali,"Cincinnati,San Francisco,Seattle",592200,casalcu01
228,Triston Casas,Boston,671213,casastr01
229,Daniel Castano,Miami,641447,castada01
230,Ryan Castellani,Colorado,624418,castery01
231,Humberto Castellanos,Arizona,528748,castehu01
232,Nick Castellanos,"Cincinnati,Philadelphia",592206,casteni01
233,Diego Castillo,"Arizona,Minnesota,Pittsburgh",660636,castidi02
235,Erick Castillo,Chicago,602080,castier01
236,Ivan Castillo,San Diego,622668,castiiv01
237,Luis Castillo,"Cincinnati,Seattle",622491,castilu02
238,Harold Castro,"Colorado,Detroit",605612,castrha01
239,Jason Castro,Houston,488771,castrja01
240,Rodolfo Castro,"Philadelphia,Pittsburgh",666801,castrro01
241,Starlin Castro,Washington,516770,castrst01
242,Willi Castro,"Detroit,Minnesota",650489,castrwi01
243,Jake Cave,"Colorado,Minnesota,Philadelphia",595909,caveja01
244,Dylan Cease,Chicago,656302,ceasedy01
245,Gilberto Celestino,Minnesota,665482,celesgi01
246,Jhoulys Chac\xc3\xadn,Colorado,468504,chacijh01
247,Yu Chang,"Boston,Cleveland,Pittsburgh,Tampa Bay",644374,changyu01
248,Andr\xc3\xa9s Chaparro,Washington,665953,chapaan01
249,Matt Chapman,"Oakland,San Francisco,Toronto",656305,chapmma01
250,Tyler Chatwood,San Francisco,543022,chatwty01
251,Jesse Chavez,Atlanta,445926,chaveje01
252,Michael Chavis,"Boston,Pittsburgh,Washington",656308,chavimi01
253,Robinson Chirinos,"Baltimore,Chicago",455139,chiriro01
254,Jazz Chisholm Jr.,"Miami,New York",665862,chishja01
255,Jiman Choi,"Pittsburgh,San Diego,Tampa Bay",596847,choiji01
256,Jackson Chourio,Milwaukee,694192,chourja01
257,Adam Cimber,Miami,643256,cimbead01
258,Nick Ciuffo,Baltimore,624419,ciuffni01
259,Aaron Civale,Cleveland,650644,civalaa01
261,Taylor Clarke,Arizona,664199,clarkta01
262,Jonatan Clase,"Seattle,Toronto",682729,clasejo01
263,Sam Clay,Washington,621348,claysa01
264,Garrett Cleavinger,Los Angeles,664076,cleavga01
265,Kody Clemens,"Detroit,Philadelphia",665019,clemeko01
266,Ernie Clement,"Cleveland,Oakland,Toronto",676391,clemeer01
267,Alex Cobb,Los Angeles,502171,cobbal01
268,Oscar Col\xc3\xa1s,Chicago,693049,colasos01
269,Isaac Collins,Milwaukee,686555,colliis01
270,Zack Collins,"Chicago,Cleveland,Pittsburgh,Toronto",641470,colliza01
271,Michael Conforto,"New York,San Francisco",624424,confomi01
272,Griffin Conine,Miami,665052,coningr01
273,Mark Contreras,Minnesota,676628,contrma01
274,William Contreras,"Atlanta,Milwaukee",661388,contrwi02
275,Willson Contreras,"Chicago,St. Louis",575929,contrwi01
276,Billy Cook,Pittsburgh,695257,cookbi01
277,Sam Coonrod,Philadelphia,656322,coonrsa01
278,Garrett Cooper,"Boston,Chicago,Miami,San Diego",643265,coopega03
279,Patrick Corbin,Washington,571578,corbipa01
280,Franchy Cordero,"Boston,New York",614173,cordefr02
281,Carlos Correa,"Houston,Minnesota",621043,correca01
282,Nestor Cortes,New York,641482,cortene01
283,Danny Coulombe,Minnesota,543056,couloda01
284,Colton Cowser,Baltimore,681297,cowseco01
285,Will Craig,Pittsburgh,643269,craigwi01
287,Brandon Crawford,"San Francisco,St. Louis",543063,crawfbr01
288,J.P. Crawford,Seattle,641487,crawfjp01
289,Kutter Crawford,Boston,676710,crawfku01
290,Dylan Crews,Washington,686611,crewsdy01
291,Nabil Crismatt,San Diego,622503,crismna01
292,C.J. Cron,"Colorado,Los Angeles",543068,croncj01
293,Jake Cronenworth,San Diego,630105,croneja01
294,Narciso Crook,Chicago,643271,crookna01
295,Tyler Cropley,Kansas City,680418,croplty01
296,Hans Crouse,Philadelphia,668968,crousha01
297,Pete Crow-Armstrong,Chicago,691718,crowape01
298,Wil Crowe,Pittsburgh,640444,crowewi01
299,Nelson Cruz,"Minnesota,San Diego,Tampa Bay,Washington",443558,cruzne02
300,Oneil Cruz,Pittsburgh,665833,cruzon01
301,Johnny Cueto,San Francisco,456501,cuetojo01
302,Charlie Culberson,"Atlanta,Texas",518586,culbech01
303,John Curtiss,Miami,595928,curtijo02
304,Travis d\'Arnaud,Atlanta,518595,darnatr01
305,David Dahl,"Philadelphia,San Diego,Texas",621311,dahlda01
306,Bobby Dalbec,Boston,666915,dalbebo01
307,Yu Darvish,San Diego,506433,darviyu01
308,Matt Davidson,"Arizona,Oakland",571602,davidma02
309,Tucker Davidson,Atlanta,656353,davidtu01
310,Zach Davies,Chicago,605200,davieza02
311,Austin Davis,Boston,656354,davisau01
313,Brendon Davis,Detroit,663478,davisbr04
314,Henry Davis,Pittsburgh,680779,davishe01
315,J.D. Davis,"New York,Oakland,San Francisco",605204,davisjd01
316,Jaylin Davis,"Boston,San Francisco",664041,davisja03
317,Jonathan Davis,"Miami,Milwaukee,New York,Toronto",641505,davisjo05
318,Khris Davis,"Oakland,Texas",501981,daviskh01
319,Taylor Davis,Pittsburgh,543089,davista01
320,Ronnie Dawson,"Cincinnati,Houston",669008,dawsoro01
321,Yonathan Daza,Colorado,602074,dazayo01
322,Alex De Goti,Houston,621008,degotal01
323,Chase De Jong,Pittsburgh,608328,dejonch01
324,Bryan De La Cruz,"Miami,Pittsburgh",650559,delacbr01
325,Elly De La Cruz,Cincinnati,682829,delacel01
326,Jos\xc3\xa9 De Le\xc3\xb3n,Cincinnati,592254,deleojo03
327,Luis De Los Santos,Toronto,665782,deloslu03
328,Austin Dean,"San Francisco,St. Louis",621573,deanau01
329,Jacob deGrom,New York,594798,degroja01
330,Greg Deichmann,Chicago,656364,deichgr01
331,Paul DeJong,"Chicago,Kansas City,San Francisco,St. Louis,Toronto",657557,dejonpa01
332,Adrian Del Castillo,Arizona,680728,delcaad01
333,Jason Delay,Pittsburgh,641511,delayja01
334,Zach DeLoach,Chicago,676113,deloaza01
335,Jonny DeLuca,"Los Angeles,Tampa Bay",676356,delucjo01
336,Ben DeLuzio,St. Louis,641512,deluzbe01
337,Travis Demeritte,Atlanta,641513,demertr01
339,Anthony DeSclafani,San Francisco,543101,desclan01
340,Delino DeShields,Cincinnati,592261,deshide02
341,Reid Detmers,Los Angeles,672282,detmere01
342,Ross Detwiler,Miami,446321,detwiro01
343,Jos\xc3\xa9 Devers,Miami,672701,deverjo01
344,Rafael Devers,Boston,646240,deverra01
345,Zach Dezenzo,Houston,701305,dezenza01
346,Aledmys D\xc3\xadaz,"Houston,Oakland",649557,diazal02
347,Elias D\xc3\xadaz,"Colorado,San Diego",553869,diazel01
348,Isan D\xc3\xadaz,"Detroit,Miami,San Francisco",656371,diazis01
349,Jordan Diaz,Oakland,672478,diazjo03
350,Lewin D\xc3\xadaz,Miami,650331,diazle01
351,Miguel D\xc3\xadaz,San Diego,622766,diazmi02
352,Yainer Diaz,Houston,673237,diazya02
353,Yandy D\xc3\xadaz,Tampa Bay,650490,diazya01
354,Yennsy D\xc3\xadaz,New York,660546,diazye01
355,Yusniel Diaz,Baltimore,666783,diazyu01
356,Alex Dickerson,"Atlanta,San Francisco",543105,dickeal01
357,Corey Dickerson,"Miami,St. Louis,Toronto,Washington",572816,dickeco01
358,Jake Diekman,Oakland,518617,diekmja01
359,Wilmer Difo,"Arizona,Pittsburgh",594694,difowi01
360,Dillon Dingler,Detroit,693307,dingldi01
361,Brandon Dixon,San Diego,641525,dixonbr01
362,Jasson Dom\xc3\xadnguez,New York,691176,dominja01
363,Josh Donaldson,"Milwaukee,Minnesota,New York",518626,donaljo02
365,Brendan Donovan,St. Louis,680977,donovbr01
366,Ryan Dorow,Texas,676900,dorowry01
367,Jeter Downs,"Boston,Washington",669023,downsje01
368,Brenton Doyle,Colorado,686668,doylebr02
369,Hunter Dozier,Kansas City,641531,doziehu01
370,Logan Driscoll,Tampa Bay,686482,drisclo01
371,Brandon Drury,"Cincinnati,Los Angeles,New York,San Diego",592273,drurybr01
372,Mauricio Dub\xc3\xb3n,"Houston,San Francisco",643289,dubonma01
373,Matt Duffy,"Chicago,Kansas City,Los Angeles,Texas",622110,duffyma01
374,Steven Duggar,"Los Angeles,San Francisco,Texas",621453,duggast01
375,Joe Dunand,Miami,656388,dunanjo01
376,Blake Dunn,Cincinnati,694362,dunnbl01
377,Justin Dunn,Seattle,643290,dunnju01
378,Oliver Dunn,Milwaukee,686554,dunnol01
379,Dane Dunning,Texas,641540,dunnida01
380,Jon Duplantier,Arizona,641541,duplajo01
381,Ezequiel Duran,Texas,677649,duranez01
382,Jarren Duran,Boston,680776,duranja01
383,Adam Duvall,"Atlanta,Boston,Miami",594807,duvalad01
384,Jarrod Dyson,"Kansas City,Toronto",502481,dysonja01
385,Adam Eaton,"Chicago,Los Angeles",594809,eatonad02
386,Nate Eaton,Kansas City,681987,eatonna01
387,Cam Eden,Toronto,686490,edenca01
388,Tommy Edman,"Los Angeles,St. Louis",669242,edmanto01
389,Xavier Edwards,Miami,669364,edwarxa01
391,Scott Effross,Chicago,664123,effrosc01
392,Zach Eflin,Philadelphia,621107,eflinza01
393,Jerad Eickhoff,New York,595191,eickhje01
394,Seth Elledge,St. Louis,676220,elledse01
395,Chris Ellis,Baltimore,595939,ellisch01
396,Drew Ellis,"Arizona,Philadelphia,Seattle",656403,ellisdr01
397,Duke Ellis,"Chicago,New York",668752,ellisdu01
398,Jerar Encarnacion,"Miami,San Francisco",666464,encarje01
399,Christian Encarnacion-Strand,Cincinnati,687952,encarch01
400,Adam Engel,"Chicago,San Diego",641553,engelad01
401,Nathan Eovaldi,Boston,543135,eovalna01
402,Alcides Escobar,Washington,444876,escobal02
403,Eduardo Escobar,"Arizona,Los Angeles,Milwaukee,New York",500871,escobed01
404,Thomas Eshelman,Baltimore,664045,eshelto01
405,Santiago Espinal,"Cincinnati,Toronto",669289,espinsa01
406,Paolo Espino,Washington,502179,espinpa01
407,Thairo Estrada,San Francisco,642731,estrath01
408,Phillip Evans,Pittsburgh,595943,evansph01
409,Sandro Fabian,Texas,660758,fabiasa01
410,Stuart Fairchild,"Arizona,Cincinnati,San Francisco,Seattle",656413,faircst01
411,Bailey Falter,Philadelphia,663559,falteba01
412,Johneshwy Fargas,"Chicago,New York",641561,fargajo01
413,Jake Faria,Arizona,607188,fariaja01
414,Kyle Farmer,"Cincinnati,Minnesota",571657,farmeky01
415,Erick Fedde,Washington,607200,feddeer01
417,Hunter Feduccia,Los Angeles,676439,feduchu01
418,Mario Feliciano,Milwaukee,666128,felicma01
419,Ryan Feltner,Colorado,663372,feltnry01
420,Freddy Fermin,Kansas City,666023,fermifr01
421,Jos\xc3\xa9 Ferm\xc3\xadn,St. Louis,665877,fermijo01
422,Junior Fern\xc3\xa1ndez,St. Louis,658551,fernaju01
423,Derek Fisher,Milwaukee,605233,fishede01
424,Tyler Fitzgerald,San Francisco,666149,fitzgty01
425,Jack Flaherty,St. Louis,656427,flaheja01
426,Josh Fleming,Tampa Bay,676596,flemijo01
427,David Fletcher,"Atlanta,Los Angeles",664058,fletcda02
428,Dominic Fletcher,"Arizona,Chicago",666150,fletcdo01
429,Chris Flexen,Seattle,623167,flexech01
430,Wilmer Flores,San Francisco,527038,florewi01
431,Estevan Florial,"Cleveland,New York",664314,flories01
432,Mike Foltynewicz,Texas,592314,foltymi01
433,Mike Ford,"Atlanta,Cincinnati,Los Angeles,New York,San Francisco,Seattle",645801,fordmi01
434,Nick Fortes,Miami,663743,forteni01
435,Justin Foscue,Texas,679822,foscuju01
436,Dexter Fowler,Los Angeles,451594,fowlede01
437,Dustin Fowler,Pittsburgh,641583,fowledu01
438,Lucius Fox,Washington,665650,foxlu01
439,Jake Fraley,"Cincinnati,Seattle",641584,fraleja01
440,Ty France,"Cincinnati,Seattle",664034,francty01
441,Maikel Franco,"Baltimore,Washington",596748,francma02
443,Wander Franco,Tampa Bay,677551,francwa01
444,Seth Frankoff,Arizona,571676,frankse01
445,Adam Frazier,"Baltimore,Kansas City,Pittsburgh,San Diego,Seattle",624428,fraziad01
446,Clint Frazier,"Chicago,New York",640449,frazicl01
447,Todd Frazier,Pittsburgh,453943,frazito01
448,Kyle Freeland,Colorado,607536,freelky01
449,Freddie Freeman,"Atlanta,Los Angeles",518692,freemfr01
450,Mike Freeman,Cincinnati,502273,freemmi01
451,Tyler Freeman,Cleveland,671289,freemty01
452,Sal Frelick,Milwaukee,686217,frelisa01
453,Max Fried,Atlanta,608331,friedma01
454,TJ Friedl,Cincinnati,670770,friedtj01
455,David Fry,Cleveland,681807,fryda01
456,Joshua Fuentes,Colorado,658069,fuentjo01
457,Carson Fulmer,Cincinnati,608334,fulmeca01
458,Michael Fulmer,Chicago,605242,fulmemi01
459,Cam Gallagher,"Cleveland,Kansas City",595956,gallaca01
460,Zac Gallen,Arizona,668678,galleza01
461,Joey Gallo,"Los Angeles,Minnesota,New York,Texas,Washington",608336,gallojo01
462,Freddy Galvis,"Baltimore,Philadelphia",520471,galvifr01
463,Ben Gamel,"Cleveland,Houston,New York,Pittsburgh,San Diego",592325,gamelbe01
464,John Gant,St. Louis,607231,gantjo01
465,Adolis Garc\xc3\xada,Texas,666969,garciad02
466,Aramis Garcia,"Cincinnati,Oakland,Philadelphia",605244,garciar01
467,Avisa\xc3\xadl Garc\xc3\xada,"Miami,Milwaukee",541645,garciav01
469,D\xc3\xa9rmis Garc\xc3\xada,Oakland,660650,garcide02
470,Jarl\xc3\xadn Garc\xc3\xada,San Francisco,606424,garcija04
471,Leury Garc\xc3\xada,Chicago,544725,garcile02
472,Luis Garc\xc3\xada Jr.,Washington,671277,garcilu04
473,Luis Garcia,Houston,677651,garcilu05
474,Maikel Garcia,Kansas City,672580,garcima01
475,Robel Garc\xc3\xada,Houston,596825,garciro02
476,Rony Garc\xc3\xada,Detroit,665621,garciro03
477,Brett Gardner,New York,458731,gardnbr01
478,Kyle Garlick,Minnesota,664247,garliky01
479,Dustin Garneau,Detroit,572863,garnedu01
480,Braxton Garrett,Miami,666129,garrebr01
481,Stone Garrett,"Arizona,Washington",656448,garrest01
482,Mitch Garver,"Minnesota,Seattle,Texas",641598,garvemi01
483,Mickey Gasper,Boston,681508,gaspemi01
484,Kevin Gausman,San Francisco,592332,gausmke01
485,Zack Gelof,Oakland,680869,gelofza01
486,Tyler Gentry,Kansas City,694355,gentrty01
487,Domingo Germ\xc3\xa1n,New York,593334,germado01
488,Trent Giambrone,Chicago,623508,giambtr01
489,Kyle Gibson,"Philadelphia,Texas",502043,gibsoky01
490,Tyler Gilbert,Arizona,656457,gilbety01
491,Andr\xc3\xa9s Gim\xc3\xa9nez,Cleveland,665926,gimenan01
492,Lucas Giolito,Chicago,608337,giolilu01
493,Chris Gittens,New York,656467,gittech01
495,Mychal Givens,New York,571710,givenmy01
496,Tyler Glasnow,Tampa Bay,607192,glasnty01
497,Zack Godley,Milwaukee,643327,godleza01
498,Jos\xc3\xa9 Godoy,"Minnesota,Pittsburgh,Seattle",608422,godoyjo01
499,Paul Goldschmidt,St. Louis,502671,goldspa01
500,Austin Gomber,Colorado,596295,gombeau01
501,Yan Gomes,"Chicago,Oakland,Washington",543228,gomesya01
502,Tony Gonsolin,Los Angeles,664062,gonsoto01
503,Marco Gonzales,Seattle,594835,gonzama02
504,Nick Gonzales,Pittsburgh,693304,gonzani01
505,Chi Chi Gonz\xc3\xa1lez,Colorado,592346,gonzach01
506,Erik Gonz\xc3\xa1lez,"Miami,Pittsburgh",570481,gonzaer01
507,Luis Gonz\xc3\xa1lez,"Chicago,San Francisco",670768,gonzalu03
508,Marwin Gonz\xc3\xa1lez,"Boston,Houston,New York",503556,gonzama01
509,Oscar Gonz\xc3\xa1lez,Cleveland,660757,gonzaos01
510,Romy Gonzalez,"Boston,Chicago",663853,gonzaro01
511,Hunter Goodman,Colorado,696100,goodmhu01
512,Niko Goodrum,"Detroit,Houston,Los Angeles,Tampa Bay",592348,goodrni01
513,Brian Goodwin,Chicago,571718,goodwbr01
514,Nick Gordon,"Miami,Minnesota",624503,gordoni01
515,Terrance Gore,New York,605253,gorete01
516,Nolan Gorman,St. Louis,669357,gormano01
517,Phil Gosselin,"Atlanta,Los Angeles",594838,gosseph01
518,Ashton Goudeau,Colorado,623485,goudeas01
519,Yasmani Grandal,"Chicago,Pittsburgh",518735,grandya01
521,Brusdar Graterol,Los Angeles,660813,gratebr01
522,Kendall Graveman,Houston,608665,graveke01
523,Jon Gray,Colorado,592351,grayjo02
524,Josiah Gray,"Los Angeles,Washington",680686,grayjo03
525,Sonny Gray,Cincinnati,543243,grayso01
526,Tristan Gray,"Miami,Oakland,Tampa Bay",656484,graytr01
527,Riley Greene,Detroit,682985,greenri03
528,Didi Gregorius,Philadelphia,544369,gregodi01
529,Grayson Greiner,"Arizona,Detroit",606988,greingr01
530,Zack Greinke,Houston,425844,greinza01
531,Randal Grichuk,"Arizona,Colorado,Los Angeles,Toronto",545341,grichra01
532,Trent Grisham,"New York,San Diego",663757,grishtr01
533,Vaughn Grissom,"Atlanta,Boston",687093,grissva01
534,Jordan Groshans,Miami,677954,groshjo01
535,Robbie Grossman,"Atlanta,Chicago,Detroit,Kansas City,Texas",543257,grossro01
536,Robert Gsellman,New York,607229,gsellro01
537,Javy Guerra,Washington,457915,guerrja01
538,Javy Guerra,San Diego,642770,guerrja02
539,Junior Guerra,Los Angeles,448855,guerrju02
540,Vladimir Guerrero Jr.,Toronto,665489,guerrvl02
541,Luis Guillorme,"Arizona,Atlanta,Los Angeles,New York",641645,guilllu01
542,Lourdes Gurriel Jr.,"Arizona,Toronto",666971,gurrilo01
543,Yuli Gurriel,"Houston,Kansas City,Miami",493329,gourryu01
544,Taylor Gushue,Chicago,656494,gushuta01
545,Jandel Gustave,Milwaukee,594311,gustaja01
547,Dalton Guthrie,Philadelphia,656495,guthrda01
548,Kelvin Guti\xc3\xa9rrez,"Baltimore,Kansas City",642721,gutieke01
549,Vladimir Gutierrez,Cincinnati,661269,gutievl01
550,Ronald Guzm\xc3\xa1n,"New York,Texas",608597,guzmaro01
551,Eric Haase,"Cleveland,Detroit,Milwaukee",606992,haaseer01
552,Jake Hager,"Arizona,New York",606993,hagerja01
553,Sam Haggerty,Seattle,664059,haggesa01
554,Darick Hall,Philadelphia,669742,hallda02
555,Billy Hamilton,"Chicago,Miami,Minnesota",571740,hamilbi02
556,Caleb Hamilton,"Boston,Minnesota",643348,hamilca01
557,David Hamilton,Boston,666152,hamilda03
558,J.D. Hammer,Philadelphia,670456,hammejd01
559,Garrett Hampson,"Colorado,Kansas City,Miami",641658,hampsga01
560,Mitch Haniger,"San Francisco,Seattle",571745,hanigmi01
561,Ian Happ,Chicago,664023,happia01
562,J.A. Happ,St. Louis,457918,happja01
563,Bryce Harper,Philadelphia,547180,harpebr03
564,Ryne Harper,Washington,607560,harpery01
565,Brett Harris,Oakland,695391,harribr02
566,Dustin Harris,Texas,687957,harridu01
567,Michael Harris II,Atlanta,671739,harrimi04
568,Josh Harrison,"Chicago,Oakland,Philadelphia,Washington",543281,harrijo05
569,Monte Harrison,"Los Angeles,Miami",656509,harrimo01
570,Matt Harvey,Baltimore,518774,harvema01
571,Adam Haseley,"Chicago,Philadelphia",656514,haselad01
573,Ke\'Bryan Hayes,Pittsburgh,663647,hayeske01
574,Austin Hays,"Baltimore,Philadelphia",669720,haysau01
575,Andrew Heaney,"Los Angeles,New York",571760,heanean01
576,Nick Heath,Arizona,670084,heathni01
577,Austin Hedges,"Cleveland,Pittsburgh,Texas",595978,hedgeau01
578,Jonah Heim,Texas,641680,heimjo01
579,Scott Heineman,Cincinnati,595981,heinesc01
580,Tyler Heineman,"Boston,Pittsburgh,Toronto",623168,heinety01
581,Michael Helman,Minnesota,680737,helmami01
582,Heath Hembree,Cincinnati,592390,hembrhe01
583,Gunnar Henderson,Baltimore,683002,hendegu01
584,Kyle Hendricks,Chicago,543294,hendrky01
585,Liam Hendriks,Chicago,521230,hendrli01
586,Ryan Hendrix,Cincinnati,641682,hendrry01
587,Payton Henry,Miami,668721,henrypa01
588,David Hensley,"Houston,Miami",682073,henslda01
589,Sam Hentges,Cleveland,656529,hentgsa01
590,Guillermo Heredia,Atlanta,628338,heredgu01
591,Michael Hermosillo,Chicago,641684,hermomi01
592,Darell Hernaiz,Oakland,687231,hernada04
593,Carlos Hern\xc3\xa1ndez,Kansas City,672578,hernaca04
594,C\xc3\xa9sar Hern\xc3\xa1ndez,"Chicago,Cleveland,Washington",514917,hernace02
595,Elier Hernandez,Texas,609274,hernael02
596,Elieser Hern\xc3\xa1ndez,Miami,622694,hernael01
597,Enrique Hern\xc3\xa1ndez,"Boston,Los Angeles",571771,hernaen02
599,Teoscar Hern\xc3\xa1ndez,"Los Angeles,Seattle,Toronto",606192,hernate01
600,Yadiel Hern\xc3\xa1ndez,Washington,628450,hernaya01
601,Yonny Hern\xc3\xa1ndez,"Arizona,Los Angeles,Texas",660634,hernayo02
602,Iv\xc3\xa1n Herrera,St. Louis,671056,herreiv01
603,Jos\xc3\xa9 Herrera,Arizona,645444,herrejo04
604,Od\xc3\xbabel Herrera,Philadelphia,546318,herreod01
605,David Hess,Miami,605276,hessda01
606,Jason Heyward,"Chicago,Houston,Los Angeles",518792,heywaja01
607,Brewer Hicklen,"Kansas City,Milwaukee",676551,hicklbr01
608,Aaron Hicks,"Baltimore,Los Angeles,New York",543305,hicksaa01
609,John Hicks,Texas,543308,hicksjo02
610,Kyle Higashioka,"New York,San Diego",543309,higasky01
611,P.J. Higgins,Chicago,664731,higgipj01
612,Derek Hill,"Detroit,Miami,San Francisco,Texas,Washington",656537,hillde01
613,Rich Hill,"New York,Tampa Bay",448179,hillri01
614,Sam Hilliard,"Atlanta,Colorado",656541,hillisa01
615,Rece Hinds,Cincinnati,677956,hindsre01
616,Keston Hiura,"Los Angeles,Milwaukee",669374,hiurake01
617,Nico Hoerner,Chicago,663538,hoernni01
618,Jeff Hoffman,Cincinnati,656546,hoffmje02
619,Bryan Holaday,Arizona,592407,holadbr01
620,Jackson Holliday,Baltimore,702616,hollija01
621,Jordan Holloway,Miami,656548,hollojo01
622,Clay Holmes,Pittsburgh,605280,holmecl01
623,Brock Holt,Texas,571788,holtbr01
625,TJ Hopkins,Cincinnati,686759,hopkitj01
626,Spencer Horwitz,Toronto,687462,horwisp01
627,Rhys Hoskins,"Milwaukee,Philadelphia",656555,hoskirh01
628,Eric Hosmer,"Boston,Chicago,San Diego",543333,hosmeer01
629,Tanner Houck,Boston,656557,houckta01
630,Adrian Houser,Milwaukee,605288,housead01
631,Spencer Howard,Philadelphia,675921,howarsp01
632,Jared Hoying,Toronto,592419,hoyinja01
633,Dakota Hudson,St. Louis,641712,hudsoda02
634,Joe Hudson,New York,621529,hudsojo03
635,Sam Huff,Texas,669087,huffsa01
636,Cooper Hummel,"Arizona,Houston,Seattle",669450,hummeco01
637,Tommy Hunter,New York,488984,hunteto02
638,Scott Hurst,St. Louis,656568,hurstsc01
639,Jacob Hurtubise,Cincinnati,674441,hurtuja01
640,Drew Hutchison,Detroit,571800,hutchdr01
641,Andy Ib\xc3\xa1\xc3\xb1ez,"Detroit,Texas",628451,ibanean01
642,Jose Iglesias,"Boston,Colorado,Los Angeles,New York",578428,iglesjo01
643,Ender Inciarte,"Atlanta,New York",542255,inciaen01
644,Jonathan India,Cincinnati,663697,indiajo01
645,Cole Irvin,Oakland,608344,irvinco01
646,Kyle Isbel,Kansas City,664728,isbelky01
647,Alex Jackson,"Atlanta,Miami,Milwaukee,Tampa Bay",656577,jacksal02
648,Andre Jackson,Los Angeles,656578,jacksan01
649,Drew Jackson,Oakland,623515,jacksdr01
651,Jay Jackson,San Francisco,543351,jacksja01
652,Travis Jankowski,"New York,Philadelphia,Seattle,Texas",608671,jankotr01
653,Danny Jansen,"Boston,Toronto",643376,janseda01
654,Kenley Jansen,Los Angeles,445276,janseke01
655,Griffin Jax,Minnesota,643377,jaxgr01
656,Jon Jay,Los Angeles,445055,jayjo02
657,Ryan Jeffers,Minnesota,680777,jeffery01
658,Jake Jewell,Chicago,657228,jewelja01
659,Eloy Jim\xc3\xa9nez,"Baltimore,Chicago",650391,jimenel02
660,Leo Jimenez,Toronto,677870,jimenle01
661,Connor Joe,"Colorado,Pittsburgh",656582,joeco01
662,Bryce Johnson,"San Diego,San Francisco",669369,johnsbr03
663,Daniel Johnson,"Baltimore,Cleveland",669288,johnsda07
664,Greg Jones,Colorado,675659,jonesgr02
665,JaCoby Jones,Detroit,592444,jonesja07
666,Jahmai Jones,"Baltimore,Milwaukee,New York",663330,jonesja08
667,Nate Jones,Los Angeles,518858,jonesna01
668,Nolan Jones,"Cleveland,Colorado",666134,jonesno01
669,Taylor Jones,Houston,622100,jonesta01
670,Levi Jordan,Cincinnati,682119,jordale01
671,Matt Joyce,Philadelphia,459964,joycema01
672,Aaron Judge,New York,592450,judgeaa01
673,Edouard Julien,Minnesota,666397,julieed01
674,Corey Julks,"Chicago,Houston",667452,julksco01
675,Jace Jung,Detroit,690291,jungja01
677,Josh Jung,Texas,673962,jungjo01
678,Jakob Junis,Kansas City,596001,junisja01
679,Connor Kaiser,Colorado,663731,kaiseco01
680,James Kaprielian,Oakland,621076,kaprija01
681,Gosuke Katoh,Toronto,641741,katohgo01
682,Niko Kavadas,Los Angeles,694359,kavadni01
683,Sean Kazmar Jr.,Atlanta,453527,kazmase01
684,Scott Kazmir,San Francisco,431148,kazmisc01
685,DaShawn Keirsey,Minnesota,680577,keirsda01
686,Colt Keith,Detroit,690993,keithco01
687,Jarred Kelenic,"Atlanta,Seattle",672284,kelenja01
688,Brad Keller,Kansas City,641745,kellebr01
689,Mitch Keller,Pittsburgh,656605,kellemi03
690,Carson Kelly,"Arizona,Detroit,Texas",608348,kellyca02
691,Joe Kelly,Los Angeles,523260,kellyjo05
692,Merrill Kelly,Arizona,518876,kellyme01
693,Tony Kemp,"Baltimore,Oakland",643393,kempto01
694,Buddy Kennedy,"Arizona,Detroit,Philadelphia",671083,kennebu01
695,Max Kepler,Minnesota,596146,keplema01
696,Clayton Kershaw,Los Angeles,477132,kershcl01
697,Grae Kessinger,Houston,666197,kessigr01
698,Dallas Keuchel,Chicago,572971,keuchda01
699,Carter Kieboom,Washington,666198,kieboca01
700,Kevin Kiermaier,"Los Angeles,Tampa Bay,Toronto",595281,kiermke01
701,Yusei Kikuchi,Seattle,579328,kikucyu01
703,Ha-Seong Kim,San Diego,673490,kimha01
704,Kwang Hyun Kim,St. Louis,547942,kimkw01
705,Craig Kimbrel,Chicago,518886,kimbrcr01
706,Isiah Kiner-Falefa,"New York,Pittsburgh,Texas,Toronto",643396,kineris01
707,John King,Texas,667463,kingjo01
708,Scott Kingery,Philadelphia,664068,kingesc01
709,Alex Kirilloff,Minnesota,666135,kirilal01
710,Alejandro Kirk,Toronto,672386,kirkal01
711,Patrick Kivlehan,San Diego,623182,kivlepa01
712,Heston Kjerstad,Baltimore,677008,kjershe01
713,Corey Kluber,New York,446372,klubeco01
714,Andrew Knapp,"Philadelphia,Pittsburgh,San Francisco,Seattle",595284,knappan01
715,Corey Knebel,Los Angeles,608349,knebeco01
716,Reiss Knehr,San Diego,663753,knehrre01
717,Andrew Knizner,"St. Louis,Texas",668800,kniznan01
718,Grant Koch,Pittsburgh,667428,kochgr01
719,Taylor Kohlwey,San Diego,670128,kohlwta01
720,Mark Kolozsvary,"Baltimore,Cincinnati",656627,kolozma01
721,Michael Kopech,Chicago,656629,kopecmi01
722,Pete Kozma,Oakland,518902,kozmape01
723,Max Kranick,Pittsburgh,668820,kranima01
724,Ryan Kreidler,Detroit,668952,kreidry01
725,Jason Krizan,San Francisco,607249,krizaja01
726,Jack Kruger,Los Angeles,667674,krugeja01
727,Chad Kuhl,Pittsburgh,641771,kuhlch01
729,Steven Kwan,Cleveland,680757,kwanst01
730,Tommy La Stella,"San Francisco,Seattle",600303,lasteto01
731,Tyler Ladendorf,Chicago,502285,ladenty01
732,Juan Lagares,Los Angeles,501571,lagarju01
733,Ryan LaMarre,New York,534606,lamarry01
734,Jake Lamb,"Chicago,Los Angeles,Seattle,Toronto",571875,lambja01
735,Peter Lambert,Colorado,663567,lambepe01
736,Dinelson Lamet,San Diego,659275,lametdi01
737,Shea Langeliers,Oakland,669127,langesh01
738,Wyatt Langford,Texas,694671,langfwy01
739,Trevor Larnach,Minnesota,663616,larnatr01
740,Jack Larsen,Seattle,677223,larseja01
741,Eric Lauer,Milwaukee,641778,lauerer01
742,Ram\xc3\xb3n Laureano,"Atlanta,Cleveland,Oakland",657656,laurera01
743,Ryan Lavarnway,Cleveland,543432,lavarry01
744,Bryan Lavastida,Cleveland,681526,lavasbr01
745,Jordan Lawlar,Arizona,691783,lawlajo01
746,Charles Leblanc,"Los Angeles,Miami",641779,leblach01
747,Wade LeBlanc,St. Louis,453281,leblawa01
748,Brooks Lee,Minnesota,686797,leebr02
749,Jung Hoo Lee,San Francisco,808982,leeju01
750,Khalil Lee,New York,666137,leekh01
751,Korey Lee,"Chicago,Houston",686676,leeko01
752,DJ LeMahieu,New York,518934,lemahdj01
753,Pedro Le\xc3\xb3n,Houston,694175,leonpe01
755,Sandy Le\xc3\xb3n,"Cleveland,Miami,Minnesota,Texas",506702,leonsa01
756,Jon Lester,"St. Louis,Washington",452657,lestejo01
757,Josh Lester,"Baltimore,Detroit",623507,lestejo02
758,Kyle Lewis,"Arizona,Seattle",641786,lewisky01
759,Royce Lewis,Minnesota,668904,lewisro02
760,Domingo Leyba,"Arizona,Baltimore",642736,leybado01
761,Luis Liberato,San Diego,642451,liberlu01
762,Tzu-Wei Lin,Minnesota,624407,lintz02
763,Josh Lindblom,Milwaukee,458676,lindbjo01
764,Francisco Lindor,New York,596019,lindofr01
765,Andre Lipcius,Detroit,686531,lipcian01
766,Trey Lipscomb,Washington,702358,lipsctr01
767,Zack Littell,San Francisco,641793,litteza01
768,Jos\xc3\xa9 Lobat\xc3\xb3n,Chicago,446653,lobatjo01
769,Tim Locastro,"Arizona,New York",641796,locasti01
770,Tyler Locklear,Seattle,682988,locklty01
771,Brandon Lockridge,San Diego,663604,lockrbr01
772,Nick Loftin,Kansas City,679845,loftini01
773,Sam Long,San Francisco,669674,longsa01
774,Shed Long Jr.,Seattle,643418,longsh01
775,Evan Longoria,"Arizona,San Francisco",446334,longoev01
776,Joey Loperfido,"Houston,Toronto",694388,loperjo01
777,Christian Lopes,Oakland,547173,lopesch01
778,Tim Lopes,Milwaukee,621005,lopesti01
779,Alejo L\xc3\xb3pez,Cincinnati,664670,lopezal03
781,Irving Lopez,St. Louis,676761,lopezir01
782,Jack L\xc3\xb3pez,"Boston,Los Angeles",605346,lopezja03
783,Jorge L\xc3\xb3pez,Baltimore,605347,lopezjo02
784,Nicky Lopez,"Atlanta,Chicago,Kansas City",670032,lopezni01
785,Otto Lopez,"Miami,Toronto",672640,lopezot01
786,Pablo L\xc3\xb3pez,Miami,641154,lopezpa01
787,Michael Lorenzen,Cincinnati,547179,lorenmi01
788,Brandon Lowe,Tampa Bay,664040,lowebr01
789,Josh Lowe,Tampa Bay,666139,lowejo01
790,Nathaniel Lowe,Texas,663993,lowena01
791,Jed Lowrie,Oakland,476704,lowrije01
792,Joey Lucchesi,New York,664192,lucchjo01
793,Marco Luciano,San Francisco,682617,luciama01
794,Jonathan Lucroy,"Atlanta,Washington",518960,lucrojo01
795,Seth Lugo,New York,607625,lugose01
796,Nathan Lukes,Toronto,664770,lukesna01
797,Jordan Luplow,"Arizona,Cleveland,Minnesota,Tampa Bay,Toronto",656669,luplojo01
798,Gavin Lux,Los Angeles,666158,luxga01
799,Jes\xc3\xbas Luzardo,"Miami,Oakland",666200,luzarje01
800,Jordan Lyles,Texas,543475,lylesjo01
801,Lance Lynn,Chicago,458681,lynnla01
802,Dixon Machado,San Francisco,553988,machadi01
803,Manny Machado,San Diego,592518,machama01
804,Vimael Mach\xc3\xadn,Oakland,605353,machivi01
805,David MacKinnon,"Los Angeles,Oakland",676950,mackida01
807,Lu\xc3\xads Madero,Miami,650347,maderlu01
808,Nick Madrigal,Chicago,663611,madrini01
809,Bligh Madris,"Detroit,Houston,Pittsburgh",676632,madribl01
810,Kenta Maeda,Minnesota,628317,maedake01
811,Drew Maggi,Pittsburgh,543482,maggidr01
812,Tyler Mahle,Cincinnati,641816,mahlety01
813,Luke Maile,"Cincinnati,Cleveland,Milwaukee",571912,mailelu01
814,Mart\xc3\xadn Maldonado,"Chicago,Houston",455117,maldoma01
815,Justyn-Henry Malloy,Detroit,669234,malloju02
816,Sean Manaea,Oakland,640455,manaese01
817,Trey Mancini,"Baltimore,Chicago,Houston",641820,mancitr01
818,Matt Manning,Detroit,666159,mannima02
819,Alek Manoah,Toronto,666201,manoaal01
820,Kyle Manzardo,Cleveland,700932,manzaky01
821,Tucupita Marcano,"Pittsburgh,San Diego",672779,marcatu01
822,Rafael March\xc3\xa1n,Philadelphia,665561,marchra01
823,Manuel Margot,"Minnesota,Tampa Bay",622534,margoma01
824,Jake Marisnick,"Chicago,Detroit,Los Angeles,Pittsburgh,San Diego",545350,marisja01
825,Cade Marlowe,Seattle,687799,marloca01
826,Jos\xc3\xa9 Marmolejos,Seattle,592530,marmojo01
827,Germ\xc3\xa1n M\xc3\xa1rquez,Colorado,608566,marquge01
828,Deven Marrero,"Miami,New York",571918,marrede01
829,Brandon Marsh,"Los Angeles,Philadelphia",669016,marshbr02
830,Ketel Marte,Arizona,606466,marteke01
831,Luis Mart\xc3\xa9,Miami,606336,martelu02
833,Noelvi Marte,Cincinnati,682622,marteno01
834,Starling Marte,"Miami,New York,Oakland",516782,martest01
835,Austin Martin,Minnesota,668885,martiau01
836,Corbin Martin,Arizona,656686,martico02
837,Jason Martin,Texas,641829,martija03
838,Richie Martin,Baltimore,621006,martiri01
839,Angel Mart\xc3\xadnez,Cleveland,682657,martian02
840,Carlos Mart\xc3\xadnez,St. Louis,593372,martica04
841,J.D. Martinez,"Boston,Los Angeles,New York",502110,martijd02
842,J.P. Mart\xc3\xadnez,"Atlanta,Texas",679881,martijp01
843,Orelvis Martinez,Toronto,682619,martior01
844,Nick Martini,"Chicago,Cincinnati",605361,martini02
845,Michael Massey,Kansas City,686681,massemi02
846,Miles Mastrobuoni,"Chicago,Tampa Bay",670156,mastrmi01
847,Jorge Mateo,"Baltimore,San Diego",622761,mateojo01
848,Mark Mathias,"Milwaukee,Pittsburgh,San Francisco,Texas",664029,mathima01
849,Jeff Mathis,Atlanta,425772,mathije01
850,Wyatt Mathisen,Arizona,621500,mathiwy01
851,J.J. Matijevic,Houston,656695,matijjj01
852,Nick Maton,"Baltimore,Detroit,Philadelphia",665155,matonni01
853,Phil Maton,Cleveland,664208,matonph01
854,Luis Matos,San Francisco,682641,matoslu02
855,Steven Matz,Toronto,571927,matzst01
856,Ronny Mauricio,New York,677595,mauriro01
857,Dustin May,Los Angeles,669160,maydu01
859,Cameron Maybin,New York,457727,maybica01
860,Jack Mayfield,"Los Angeles,Seattle",608686,mayfija01
861,Coby Mayo,Baltimore,691723,mayoco01
862,Nomar Mazara,"Detroit,San Diego",608577,mazarno01
863,Patrick Mazeika,New York,664850,mazeipa01
864,Ryan McBroom,Kansas City,643436,mcbrory01
865,James McCann,"Baltimore,New York",543510,mccanja02
866,Kyle McCann,Oakland,668832,mccanky01
867,Jake McCarthy,Arizona,664983,mccarja02
868,Darren McCaughan,Seattle,670766,mccauda01
869,Chas McCormick,Houston,676801,mccorch01
870,Mason McCoy,"San Diego,Toronto",669200,mccoyma01
871,Grant McCray,San Francisco,687529,mccragr01
872,Lance McCullers Jr.,Houston,621121,mcculla02
873,Andrew McCutchen,"Milwaukee,Philadelphia,Pittsburgh",457705,mccutan01
874,Mickey McDonald,Oakland,676782,mcdonmi01
875,Scott McGough,Arizona,543518,mcgousc01
876,Kyle McGowin,Washington,641851,mcgowky01
877,Reese McGuire,"Boston,Chicago,Toronto",624512,mcguire01
878,Ryan McKenna,"Baltimore,San Francisco",663630,mckenry01
879,Triston McKenzie,Cleveland,663474,mckentr01
880,Billy McKinney,"Los Angeles,Milwaukee,New York,Oakland,Pittsburgh",641856,mckinbi01
881,Zach McKinstry,"Chicago,Detroit,Los Angeles",656716,mckinza01
882,Matt McLain,Cincinnati,680574,mclaima01
883,Ryan McMahon,Colorado,641857,mcmahry01
885,Jeff McNeil,New York,643446,mcneije01
886,Curtis Mead,Tampa Bay,678554,meadcu01
887,Austin Meadows,"Detroit,Tampa Bay",640457,meadoau01
888,Parker Meadows,Detroit,678009,meadopa01
889,John Means,Baltimore,607644,meansjo01
890,Nick Mears,Pittsburgh,683232,mearsni01
891,Wade Meckler,San Francisco,685133,mecklwa01
892,Adonis Medina,Philadelphia,658431,medinad01
893,Tylor Megill,New York,656731,megilty01
894,Francisco Mejia,Tampa Bay,642336,mejiafr01
895,Humberto Mej\xc3\xada,Arizona,650668,mejiahu01
896,J.C. Mej\xc3\xada,Cleveland,650496,mejiaje02
897,Mark Melancon,San Diego,453343,melanma01
898,MJ Melendez,Kansas City,669004,melenmj01
899,Danny Mendick,"Chicago,New York",664901,mendida01
900,Joey Meneses,Washington,608841,menesjo01
901,\xc3\x93scar Mercado,"Cleveland,Philadelphia,St. Louis",640458,mercaos01
902,Yerm\xc3\xadn Mercedes,"Chicago,San Francisco",606213,merceye01
903,Jordy Mercer,Washington,474568,mercejo03
904,Whit Merrifield,"Atlanta,Kansas City,Philadelphia,Toronto",593160,merriwh01
905,Jackson Merrill,San Diego,701538,merrija01
906,Matt Mervis,Chicago,670223,mervima01
907,Jake Meyers,Houston,676694,meyerja02
908,Miles Mikolas,St. Louis,571945,mikolmi01
909,Wade Miley,Cincinnati,489119,mileywa01
911,Drew Millas,Washington,686452,milladr01
912,Brad Miller,"Philadelphia,Texas",543543,millebr02
913,Brian Miller,Miami,675649,millebr03
914,Owen Miller,"Cleveland,Milwaukee",680911,milleow01
915,Shelby Miller,"Los Angeles,Pittsburgh",571946,millesh01
916,Alec Mills,Chicago,621219,millsal02
917,Hoby Milner,Milwaukee,571948,milneho01
918,Mike Minor,Kansas City,501985,minormi01
919,A.J. Minter,Atlanta,621345,minteaj01
920,Jos\xc3\xa9 Miranda,Minnesota,669304,miranjo01
921,Kameron Misner,Tampa Bay,670224,misneka01
922,Calvin Mitchell,Pittsburgh,668751,mitchca01
923,Garrett Mitchell,Milwaukee,669003,mitchga01
924,Casey Mize,Detroit,663554,mizeca01
925,Yadier Molina,St. Louis,425877,molinya01
926,Andruw Monasterio,Milwaukee,655316,monasan01
927,Yo\xc3\xa1n Moncada,Chicago,660162,moncayo01
928,Adalberto Mondes\xc3\xad,Kansas City,609275,mondera02
929,Nate Mondou,Oakland,670148,mondona01
930,Mickey Moniak,"Los Angeles,Philadelphia",666160,moniami01
931,Frankie Montas,Oakland,593423,montafr02
932,Elehuris Montero,Colorado,660707,monteel01
933,Coco Montes,Colorado,663796,monteco01
934,Jordan Montgomery,New York,656756,montgjo01
935,Dylan Moore,Seattle,664238,mooredy01
937,Matt Moore,Philadelphia,519043,moorema02
938,Colin Moran,"Cincinnati,Pittsburgh",592567,moranco01
939,Adri\xc3\xa1n Morej\xc3\xb3n,San Diego,670970,morejad01
940,Christopher Morel,"Chicago,Tampa Bay",666624,morelch01
941,Mitch Moreland,Oakland,519048,morelmi01
942,Gabriel Moreno,"Arizona,Toronto",672515,morenga01
943,Eli Morgan,Cleveland,669212,morgael01
944,Shawn Morimando,Miami,596049,morimsh01
945,Max Moroff,St. Louis,621559,morofma01
946,Charlie Morton,Atlanta,450203,mortoch02
947,Taylor Motter,"Boston,Cincinnati,Colorado,St. Louis",600301,motteta01
948,Ryan Mountcastle,Baltimore,663624,mountry01
949,Mike Moustakas,"Cincinnati,Colorado,Los Angeles",519058,moustmi01
950,Kyle Muller,Atlanta,666205,mulleky01
951,Cedric Mullins,Baltimore,656775,mullice01
952,Max Muncy,Los Angeles,571970,muncyma01
953,Yairo Mu\xc3\xb1oz,"Boston,Philadelphia",622168,munozya01
954,Patrick Murphy,Washington,641907,murphpa02
955,Sean Murphy,"Atlanta,Oakland",669221,murphse01
956,Tom Murphy,"San Francisco,Seattle",608596,murphto04
957,Joe Musgrove,San Diego,605397,musgrjo01
958,S\xc3\xadmon Muzziotti,Philadelphia,665922,muzzisi01
959,Dane Myers,Miami,667472,myersda01
960,Wil Myers,"Cincinnati,San Diego",571976,myerswi01
961,Tommy Nance,Chicago,667297,nanceto01
963,Tyler Naquin,"Chicago,Cincinnati,New York",571980,naquity01
964,Carlos Narv\xc3\xa1ez,New York,665966,narvaca01
965,Omar Narv\xc3\xa1ez,"Milwaukee,New York",553882,narvaom01
966,Packy Naughton,Los Angeles,676050,naughpa01
967,Bo Naylor,Cleveland,666310,naylobo01
968,Josh Naylor,Cleveland,647304,naylojo01
969,Nick Neidert,Miami,663734,neideni01
970,Jimmy Nelson,Los Angeles,519076,nelsoji02
971,H\xc3\xa9ctor Neris,Philadelphia,593576,nerishe01
972,Zach Neto,Los Angeles,687263,netoza01
973,Sheldon Neuse,"Los Angeles,Oakland",641914,neusesh01
974,Tyler Nevin,"Baltimore,Detroit,Oakland",663527,nevinty01
975,Sean Newcomb,Atlanta,656794,newcose01
976,Kevin Newman,"Arizona,Cincinnati,Pittsburgh",621028,newmake01
977,Tom\xc3\xa1s Nido,"Chicago,New York",621512,nidoto01
978,Brandon Nimmo,New York,607043,nimmobr01
979,Ryan Noda,Oakland,676116,nodary01
980,Jhonkensy Noel,Cleveland,678877,noeljh01
981,Stephen Nogosek,New York,668665,nogosst01
982,John Nogowski,"Pittsburgh,St. Louis",596056,nogowjo01
983,Aaron Nola,Philadelphia,605400,nolaaa01
984,Austin Nola,San Diego,543592,nolaau01
985,Sean Nolin,Washington,543594,nolinse01
986,Lars Nootbaar,St. Louis,663457,nootbla01
987,Connor Norby,"Baltimore,Miami",681393,norbyco01
989,Daniel Norris,Milwaukee,596057,norrida01
990,Jacob Nottingham,"Milwaukee,Seattle",641924,nottija01
991,Dom Nu\xc3\xb1ez,Colorado,624513,nunezdo01
992,Nasim Nu\xc3\xb1ez,Washington,683083,nunezna01
993,Renato N\xc3\xba\xc3\xb1ez,Detroit,600524,nunezre01
994,Brian O\'Grady,San Diego,657434,ogradbr01
995,Ryan O\'Hearn,"Baltimore,Kansas City",656811,ohearry01
996,Logan O\'Hoppe,Los Angeles,681351,ohopplo01
997,Brian O\'Keefe,Seattle,657247,okeefbr01
998,Tyler O\'Neill,"Boston,St. Louis",641933,oneilty01
999,Bailey Ober,Minnesota,641927,oberba01
1000,Joseph Odom,Tampa Bay,641929,odomjo01
1001,Rougned Odor,"Baltimore,New York,San Diego",596059,odorro01
1002,Jake Odorizzi,Houston,543606,odorija01
1003,Shohei Ohtani,Los Angeles,660271,ohtansh01
1004,Steven Okert,Miami,595345,okertst01
1005,Chris Okey,"Cincinnati,Los Angeles",608360,okeych01
1006,Jared Oliva,Pittsburgh,666931,olivaja01
1007,Edward Olivares,"Kansas City,Pittsburgh",658668,olivaed02
1008,Matt Olson,"Atlanta,Oakland",621566,olsonma02
1009,Jonathan Ornelas,Texas,680716,orneljo01
1010,Rafael Ortega,"Chicago,New York",542364,ortegra01
1011,Joey Ortiz,"Baltimore,Milwaukee",687401,ortizjo06
1012,Corey Oswalt,New York,621261,oswalco01
1013,James Outman,Los Angeles,681546,outmaja01
1015,Connor Overton,Pittsburgh,656818,overtco01
1016,Johan Oviedo,St. Louis,670912,oviedjo01
1017,Hunter Owen,Pittsburgh,670462,owenhu01
1018,Chris Owings,"Baltimore,Colorado,Pittsburgh",572008,owingch01
1019,Marcell Ozuna,Atlanta,542303,ozunama01
1020,Cristian Pache,"Atlanta,Baltimore,Miami,Oakland,Philadelphia",665506,pachecr01
1021,Chris Paddack,San Diego,663978,paddach01
1022,Kevin Padlo,"Los Angeles,Pittsburgh,San Francisco,Seattle,Tampa Bay",656821,padloke01
1023,Emilio Pag\xc3\xa1n,San Diego,641941,paganem01
1024,Andy Pages,Los Angeles,681624,pagesan01
1025,Pedro Pag\xc3\xa9s,St. Louis,686780,pagespe02
1026,Jermaine Palacios,Minnesota,650339,palacje01
1027,Joshua Palacios,"Pittsburgh,Toronto,Washington",641943,palacjo01
1028,Richie Palacios,"Cleveland,St. Louis,Tampa Bay",680700,palacri01
1029,Joe Panik,"Miami,Toronto",605412,panikjo01
1030,Michael Papierski,"Cincinnati,San Francisco",657709,papiemi01
1031,Isaac Paredes,"Chicago,Detroit,Tampa Bay",670623,paredis01
1032,Kyren Paris,Los Angeles,677347,parisky01
1033,Hoy Park,"New York,Pittsburgh",660829,parkho01
1034,Gerardo Parra,Washington,467827,parrage01
1035,Vinnie Pasquantino,Kansas City,686469,pasquvi01
1036,Graham Pauley,San Diego,688363,paulegr01
1037,Tyler Payne,Chicago,665066,paynety01
1038,Mark Payton,"Chicago,Cincinnati",592622,paytoma01
1039,Matt Peacock,Arizona,676840,peacoma01
1041,Joc Pederson,"Arizona,Atlanta,Chicago,San Francisco",592626,pederjo01
1042,Liover Peguero,Pittsburgh,678894,pegueli01
1043,Jeremy Pe\xc3\xb1a,Houston,665161,penaje02
1044,David Peralta,"Arizona,Los Angeles,San Diego,Tampa Bay",444482,peralda01
1045,Freddy Peralta,Milwaukee,642547,peralfr01
1046,Wily Peralta,Detroit,503449,peralwi01
1047,Jos\xc3\xa9 Peraza,New York,606299,perazjo01
1048,Oswald Peraza,New York,672724,perazos02
1049,Geraldo Perdomo,Arizona,672695,perdoge01
1050,Jhonny Pereda,Miami,640902,peredjh01
1051,Everson Pereira,New York,677592,pereiev01
1052,Carlos P\xc3\xa9rez,Oakland,542208,perezca02
1053,Carlos P\xc3\xa9rez,Chicago,656024,perezca03
1054,Cionel P\xc3\xa9rez,Cincinnati,672335,perezci01
1055,Hern\xc3\xa1n P\xc3\xa9rez,Washington,541650,perezhe01
1056,Joe Perez,Houston,669309,perezjo02
1057,Mart\xc3\xadn P\xc3\xa9rez,Boston,527048,perezma02
1058,Michael P\xc3\xa9rez,"New York,Pittsburgh",605421,perezmi03
1059,Roberto P\xc3\xa9rez,"Cleveland,Pittsburgh,San Francisco",547379,perezro02
1060,Salvador Perez,Kansas City,521692,perezsa02
1061,Wenceel P\xc3\xa9rez,Detroit,672761,perezwe01
1062,Blake Perkins,Milwaukee,663368,perkibl01
1063,Dillon Peters,Pittsburgh,596071,peterdi01
1064,DJ Peters,"Los Angeles,Texas",656847,peterdj01
1065,David Peterson,New York,656849,peterda01
1067,Jace Peterson,"Arizona,Milwaukee,Oakland",607054,peterja01
1068,Tommy Pham,"Arizona,Boston,Chicago,Cincinnati,Kansas City,New York,San Diego,St. Louis",502054,phamth01
1069,Brett Phillips,"Baltimore,Los Angeles,Tampa Bay",621433,phillbr02
1070,Evan Phillips,Los Angeles,623465,phillev01
1071,Kevin Pillar,"Atlanta,Chicago,Los Angeles,New York",607680,pillake01
1072,Manny Pi\xc3\xb1a,"Atlanta,Milwaukee,Oakland",444489,pinama01
1073,Chad Pinder,Oakland,640461,pindech01
1074,Israel Pineda,Washington,672832,pinedis01
1075,Michael Pineda,Minnesota,501381,pinedmi01
1076,Ren\xc3\xa9 Pinto,Tampa Bay,650907,pintore02
1077,Stephen Piscotty,Oakland,572039,piscost01
1078,Nick Pivetta,Boston,601713,pivetni01
1079,Kevin Plawecki,"Boston,Texas",608700,plaweke01
1080,Nick Plummer,New York,663911,plummni01
1081,Gregory Polanco,Pittsburgh,570256,polangr01
1082,Jorge Polanco,"Minnesota,Seattle",593871,polanjo01
1083,AJ Pollock,"Chicago,Los Angeles,San Francisco,Seattle",572041,polloaj01
1084,Daniel Ponce de Leon,St. Louis,594965,ponceda01
1085,Cody Ponce,Pittsburgh,664074,ponceco01
1086,Zach Pop,Miami,647315,popza01
1087,Sean Poppen,Pittsburgh,664092,poppese01
1088,Logan Porter,Kansas City,682515,portelo01
1089,Buster Posey,San Francisco,457763,poseybu01
1090,Cody Poteet,Miami,547001,poteeco01
1091,Yohel Pozo,Texas,650968,pozoyo01
1093,Nick Pratto,Kansas City,668472,prattni01
1094,David Price,Los Angeles,456034,priceda01
1095,Ford Proctor,San Francisco,665154,proctfo01
1096,Jurickson Profar,"Colorado,San Diego",595777,profaju01
1097,Albert Pujols,"Los Angeles,St. Louis",405395,pujolal01
1098,Cal Quantrill,Cleveland,615698,quantca01
1099,Juniel Querecuto,St. Louis,578570,quereju01
1100,Roman Quinn,"Philadelphia,Tampa Bay",596451,quinnro01
1101,Jose Quintana,San Francisco,500779,quintjo01
1102,Esteban Quiroz,Chicago,606019,quiroes01
1103,Ceddanne Rafaela,Boston,678882,rafaece01
1104,Cal Raleigh,Seattle,663728,raleica01
1105,Luke Raley,"Los Angeles,Seattle,Tampa Bay",670042,raleylu01
1106,Harold Ram\xc3\xadrez,"Cleveland,Tampa Bay,Washington",623912,ramirha02
1107,Jos\xc3\xa9 Ram\xc3\xadrez,Cleveland,608070,ramirjo01
1108,Nick Ramirez,San Diego,598286,ramirni01
1109,Yefry Ram\xc3\xadrez,Los Angeles,606162,ramirye01
1110,Bryan Ramos,Chicago,682868,ramosbr01
1111,Heliot Ramos,San Francisco,671218,ramoshe02
1112,Henry Ramos,"Arizona,Cincinnati",592656,ramoshe01
1113,Wilson Ramos,"Cleveland,Detroit",467092,ramoswi01
1114,Drew Rasmussen,"Milwaukee,Tampa Bay",656876,rasmudr01
1115,Corey Ray,Milwaukee,641999,rayco01
1116,Robbie Ray,Toronto,592662,rayro02
1117,Colin Rea,Milwaukee,607067,reaco01
1119,J.T. Realmuto,Philadelphia,592663,realmjt01
1120,Josh Reddick,Arizona,502210,reddijo01
1121,Jake Reed,New York,596082,reedja02
1122,Jakson Reetz,"San Francisco,Washington",656883,reetzja01
1123,Rob Refsnyder,"Boston,Minnesota",608701,refsnro01
1124,Sean Reid-Foley,New York,656887,reidfse01
1125,Zach Reks,"Los Angeles,Texas",676646,reksza01
1126,Zach Remillard,Chicago,621545,remilza01
1127,Anthony Rendon,Los Angeles,543685,rendoan01
1128,Hunter Renfroe,"Boston,Cincinnati,Kansas City,Los Angeles,Milwaukee",592669,renfrhu01
1129,Luis Rengifo,Los Angeles,650859,rengilu01
1130,Alex Reyes,St. Louis,621052,reyesal02
1131,Franmil Reyes,"Chicago,Cleveland,Kansas City",614177,reyesfr01
1132,Pablo Reyes,"Boston,Milwaukee,New York",622569,reyespa01
1133,V\xc3\xadctor Reyes,Detroit,622682,reyesvi01
1134,Bryan Reynolds,Pittsburgh,668804,reynobr01
1135,Matt Reynolds,"Cincinnati,New York",608703,reynoma03
1136,Ben Rice,New York,700250,ricebe01
1137,Garrett Richards,Boston,572070,richaga01
1138,Trevor Richards,Milwaukee,670950,richatr01
1139,JT Riddle,"Cincinnati,Minnesota",595375,riddljt01
1140,Austin Riley,Atlanta,663586,rileyau01
1141,Edwin R\xc3\xados,"Chicago,Cincinnati,Los Angeles",621458,riosed01
1142,Alfonso Rivas III,"Chicago,Pittsburgh,San Diego",663845,rivasal01
1143,Leo Rivas,Seattle,660844,rivasle01
1145,Webster Rivas,San Diego,593590,rivaswe01
1146,Emmanuel Rivera,"Arizona,Baltimore,Kansas City,Miami",656896,riverem01
1147,Ren\xc3\xa9 Rivera,"Cleveland,Washington",425784,riverre01
1148,Sebasti\xc3\xa1n Rivero,Kansas City,665861,riverse01
1149,Anthony Rizzo,"Chicago,New York",519203,rizzoan01
1150,Luis Robert Jr.,Chicago,673357,roberlu01
1151,Daniel Robertson,Milwaukee,621002,roberda10
1152,David Robertson,Chicago,502085,roberda08
1153,Kramer Robertson,St. Louis,670298,roberkr01
1154,Chuckie Robinson,"Chicago,Cincinnati",642020,robinch04
1155,V\xc3\xadctor Robles,"Seattle,Washington",645302,roblevi01
1156,Jacob Robson,Detroit,615699,robsoja01
1157,Brayan Rocchio,Cleveland,677587,rocchbr01
1158,Brendan Rodgers,Colorado,663898,rodgebr02
1159,Carlos Rod\xc3\xb3n,Chicago,607074,rodonca01
1160,Eduardo Rodr\xc3\xadguez,Boston,593958,rodried05
1161,Endy Rodr\xc3\xadguez,Pittsburgh,682848,rodrien01
1162,Jefry Rodr\xc3\xadguez,Washington,622446,rodrije01
1163,Johnathan Rodr\xc3\xadguez,Cleveland,671286,rodrijo10
1164,Jos\xc3\xa9 Rodriguez,Chicago,679563,rodrijo09
1165,Julio Rodr\xc3\xadguez,Seattle,677594,rodriju01
1166,Manuel Rodr\xc3\xadguez,Chicago,655889,rodrima01
1167,Jake Rogers,Detroit,668670,rogerja03
1168,Josh Rogers,Washington,642028,rogerjo01
1169,Trevor Rogers,Miami,669432,rogertr01
1171,Johan Rojas,Philadelphia,679032,rojasjo03
1172,Jose Rojas,Los Angeles,670351,rojasjo02
1173,Josh Rojas,"Arizona,Seattle",668942,rojasjo01
1174,Miguel Rojas,"Los Angeles,Miami",500743,rojasmi02
1175,Chris Roller,Milwaukee,676896,rollech01
1176,Sal Romano,Cincinnati,607219,romansa01
1177,Andrew Romine,Chicago,461865,rominan01
1178,Austin Romine,"Chicago,Cincinnati,Los Angeles,St. Louis",519222,rominau01
1179,Drew Romo,Colorado,691011,romodr01
1180,Jos\xc3\xa9 Rond\xc3\xb3n,St. Louis,602922,rondojo02
1181,Brent Rooker,"Kansas City,Minnesota,Oakland,San Diego",667670,rookebr01
1182,Ben Rortvedt,"Minnesota,New York,Tampa Bay",666163,rortvbe01
1183,Amed Rosario,"Cincinnati,Cleveland,Los Angeles,Tampa Bay",642708,rosaram01
1184,Eddie Rosario,"Atlanta,Cleveland,Washington",592696,rosared01
1185,Eguy Rosario,San Diego,666703,rosareg01
1186,Joe Ross,Washington,605452,rossjo01
1187,Ram\xc3\xb3n Rosso,Philadelphia,665759,rossora01
1188,Michael Rucker,Chicago,621074,ruckemi01
1189,Darin Ruf,"Milwaukee,New York,San Francisco",573131,rufda01
1190,Esteury Ruiz,"Milwaukee,Oakland,San Diego",665923,ruizes01
1191,Jos\xc3\xa9 Ruiz,Chicago,614179,ruizjo01
1192,Keibert Ruiz,"Los Angeles,Washington",660688,ruizke01
1193,Rio Ruiz,"Baltimore,Colorado",547004,ruizri01
1194,Blake Rutherford,Washington,666164,ruthebl01
1195,Adley Rutschman,Baltimore,668939,rutscad01
1197,Joe Ryan,Minnesota,657746,ryanjo04
1198,Kyle Ryan,Chicago,594986,ryanky01
1199,Hyun Jin Ryu,Toronto,547943,ryuhy01
1200,Blake Sabol,San Francisco,666165,sabolbl01
1201,Thomas Saggese,St. Louis,695336,saggeth01
1202,C\xc3\xa9sar Salazar,Houston,663967,salazce01
1203,Chris Sale,Boston,519242,salech01
1204,Adrian Sampson,Chicago,592716,sampsad01
1205,Aaron Sanchez,San Francisco,592717,sanchaa01
1206,Adri\xc3\xa1n S\xc3\xa1nchez,Washington,506703,sanchad01
1207,Ali S\xc3\xa1nchez,"Miami,St. Louis",645305,sanchal04
1208,Gary S\xc3\xa1nchez,"Milwaukee,Minnesota,New York,San Diego",596142,sanchga02
1209,Jes\xc3\xbas S\xc3\xa1nchez,Miami,660821,sanchje02
1210,Miguel S\xc3\xa1nchez,Milwaukee,667376,sanchmi01
1211,Yolmer Sanchez,"Boston,New York",570560,sanchca01
1212,Pablo Sandoval,Atlanta,467055,sandopa01
1213,Patrick Sandoval,Los Angeles,663776,sandopa02
1214,Donny Sands,Philadelphia,664848,sandsdo01
1215,Reiver Sanmartin,Cincinnati,665665,sanmare01
1216,Miguel San\xc3\xb3,"Los Angeles,Minnesota",593934,sanomi01
1217,Javier Sanoja,Miami,691594,sanojja01
1218,Carlos Santana,"Kansas City,Milwaukee,Minnesota,Pittsburgh,Seattle",467793,santaca01
1219,Danny Santana,Boston,542454,santada01
1220,Dennis Santana,Los Angeles,642701,santade01
1221,Edgar Santana,Atlanta,650828,santaed01
1223,Anthony Santander,Baltimore,623993,santaan02
1224,Tony Santillan,Cincinnati,663574,santito01
1225,Josh Sborz,Texas,622250,sborzjo01
1226,Nolan Schanuel,Los Angeles,694384,schanno01
1227,Scott Schebler,Los Angeles,594988,schebsc01
1228,Max Scherzer,"Los Angeles,Washington",453286,scherma01
1229,Clarke Schmidt,New York,657376,schmicl01
1230,Casey Schmitt,San Francisco,669477,schmica01
1231,Daniel Schneemann,Cleveland,682177,schneda04
1232,Davis Schneider,Toronto,676914,schneda03
1233,Jonathan Schoop,Detroit,570731,schoojo01
1234,Max Schrock,Cincinnati,621011,schroma01
1235,Max Schuemann,Oakland,680474,schuema01
1236,Aaron Schunk,Colorado,668845,schunaa01
1237,Kyle Schwarber,"Boston,Philadelphia,Washington",656941,schwaky01
1238,Frank Schwindel,"Chicago,Oakland",643524,schwifr01
1239,Victor Scott II,St. Louis,687363,scottvi01
1240,Corey Seager,"Los Angeles,Texas",608369,seageco01
1241,Kyle Seager,Seattle,572122,seageky01
1242,Chandler Seagle,San Diego,676882,seaglch01
1243,Jean Segura,"Miami,Philadelphia",516416,segurje01
1244,Sam Selman,San Francisco,572125,selmasa01
1245,Marcus Semien,"Texas,Toronto",543760,semiema01
1246,Antonio Senzatela,Colorado,622608,senzaan01
1247,Nick Senzel,"Chicago,Cincinnati,Washington",669222,senzeni01
1249,Brian Serven,"Colorado,Toronto",661531,servebr01
1250,Pedro Severino,"Baltimore,Milwaukee",600474,severpe01
1251,Travis Shaw,"Boston,Milwaukee",543768,shawtr01
1252,Gavin Sheets,Chicago,657757,sheetga01
1253,Justus Sheffield,Seattle,656954,sheffju01
1254,Austin Shenton,Tampa Bay,668853,shentau01
1255,James Sherfy,Los Angeles,642073,sherfji01
1256,Braden Shewmake,"Atlanta,Chicago",669699,shewmbr01
1257,Zack Short,"Atlanta,Boston,Detroit,New York",670097,shortza01
1258,Michael Siani,"Cincinnati,St. Louis",672279,sianimi01
1259,Magneuris Sierra,"Los Angeles,Miami",642423,sierrma01
1260,Andrelton Simmons,"Chicago,Minnesota",592743,simmoan01
1261,Lucas Sims,Cincinnati,608371,simslu01
1262,Jon Singleton,"Houston,Milwaukee",572138,singljo02
1263,Jose Siri,"Houston,Tampa Bay",642350,sirijo01
1264,Chance Sisco,"Baltimore,New York",642082,siscoch01
1265,Tarik Skubal,Detroit,669373,skubata01
1266,Austin Slater,"Baltimore,Cincinnati,San Francisco",596103,slateau01
1267,Caleb Smith,Arizona,592761,smithca03
1268,Dominic Smith,"Boston,Cincinnati,New York,Washington",642086,smithdo02
1269,Drew Smith,New York,622098,smithdr01
1270,Josh Smith,Texas,669701,smithjo11
1271,Kevan Smith,"Atlanta,Tampa Bay",607345,smithke04
1272,Kevin Smith,"New York,Oakland,Toronto",675656,smithke05
1273,Pavin Smith,Arizona,656976,smithpa04
1275,Riley Smith,Arizona,642092,smithri01
1276,Will Smith,Los Angeles,669257,smithwi05
1277,Canaan Smith-Njigba,Pittsburgh,675986,smithca05
1278,Drew Smyly,Atlanta,592767,smylydr01
1279,Blake Snell,San Diego,605483,snellbl01
1280,Tyler Soderstrom,Oakland,691016,soderty01
1281,Eric Sogard,Chicago,519299,sogarer01
1282,Nick Sogard,Boston,686765,sogarni01
1283,Nick Solak,"Atlanta,Detroit,Texas",669256,solakni01
1284,Donovan Solano,"Cincinnati,Minnesota,San Diego,San Francisco",456781,solando01
1285,Jorge Soler,"Atlanta,Kansas City,Miami,San Francisco",624585,solerjo01
1286,Edmundo Sosa,"Philadelphia,St. Louis",624641,sosaed01
1287,Lenyn Sosa,Chicago,672820,sosale01
1288,Juan Soto,"New York,San Diego,Washington",665742,sotoju01
1289,Livan Soto,"Baltimore,Cincinnati,Los Angeles",670869,sotoli01
1290,Steven Souza Jr.,"Los Angeles,Seattle",519306,souzast01
1291,Cory Spangenberg,St. Louis,605486,spangco01
1292,George Springer,Toronto,543807,springe01
1293,Jacob Stallings,"Colorado,Miami,Pittsburgh",607732,stallja01
1294,Craig Stammen,San Diego,489334,stammcr01
1295,Giancarlo Stanton,New York,519317,stantmi03
1296,Max Stassi,Los Angeles,545358,stassma01
1297,Justin Steele,Chicago,657006,steelju01
1298,Spencer Steer,Cincinnati,668715,steersp01
1299,Michael Stefanic,Los Angeles,683021,stefami01
1301,Tyler Stephenson,Cincinnati,663886,stephty01
1302,Andrew Stevenson,"Minnesota,Washington",664057,stevean01
1303,Cal Stevenson,"Oakland,Philadelphia,San Francisco",670276,steveca01
1304,DJ Stewart,"Baltimore,New York",621466,stewadj01
1305,Kohl Stewart,Chicago,640464,stewako01
1306,Robert Stock,"Chicago,New York",476594,stockro01
1307,Troy Stokes Jr.,Pittsburgh,657011,stoketr01
1308,Trevor Story,"Boston,Colorado",596115,storytr01
1309,Bryson Stott,Philadelphia,681082,stottbr01
1310,Kyle Stowers,"Baltimore,Miami",669065,stoweky01
1311,Dee Strange-Gordon,Washington,543829,gordode01
1312,Stephen Strasburg,Washington,544931,strasst01
1313,Chris Stratton,Pittsburgh,608717,stratch01
1314,Myles Straw,"Cleveland,Houston",664702,strawmy01
1315,Hunter Strickland,Milwaukee,519326,strichu01
1316,Spencer Strider,Atlanta,675911,stridsp01
1317,Ross Stripling,Toronto,548389,stripro01
1318,Marcus Stroman,New York,573186,stromma01
1319,Garrett Stubbs,"Houston,Philadelphia",596117,stubbga01
1320,Eugenio Su\xc3\xa1rez,"Arizona,Cincinnati,Seattle",553993,suareeu01
1321,Jos\xc3\xa9 Suarez,Los Angeles,660761,suarejo01
1322,Ranger Su\xc3\xa1rez,Philadelphia,624133,suarera01
1323,Wander Suero,Washington,593833,suerowa01
1324,Brett Sullivan,San Diego,664954,sullibr01
1325,Brent Suter,Milwaukee,608718,suterbr01
1327,Jack Suwinski,Pittsburgh,669261,suwinja01
1328,Kurt Suzuki,Los Angeles,435559,suzukku01
1329,Seiya Suzuki,Chicago,673548,suzukse01
1330,Travis Swaggerty,Pittsburgh,680552,swaggtr01
1331,Dansby Swanson,"Atlanta,Chicago",621020,swansda01
1332,Trey Sweeney,Detroit,700242,sweentr01
1333,Thomas Szapucki,New York,663378,szaputh01
1334,Jameson Taillon,New York,592791,taillja01
1335,Raimel Tapia,"Boston,Colorado,Milwaukee,Tampa Bay,Toronto",606132,tapiara01
1336,Fernando Tatis Jr.,San Diego,665487,tatisfe02
1337,Mike Tauchman,"Chicago,New York,San Francisco",643565,tauchmi01
1338,Leody Taveras,Texas,665750,taverle01
1339,Chris Taylor,Los Angeles,621035,tayloch03
1340,Michael A. Taylor,"Kansas City,Minnesota,Pittsburgh",572191,taylomi02
1341,Samad Taylor,"Kansas City,Seattle",669392,taylosa04
1342,Tyrone Taylor,"Milwaukee,New York",621438,tayloty01
1343,Anderson Tejeda,Texas,660731,tejedan01
1344,Rowdy Tellez,"Milwaukee,Pittsburgh,Toronto",642133,tellero01
1345,Jos\xc3\xa9 Tena,"Cleveland,Washington",677588,tenajo01
1346,Bryce Teodosio,Los Angeles,669326,teodobr01
1347,Curtis Terry,Texas,663799,terrycu01
1348,Matt Thaiss,Los Angeles,642136,thaisma01
1349,Alek Thomas,Arizona,677950,thomaal01
1350,Cody Thomas,Oakland,642137,thomaco01
1351,Dillon Thomas,"Los Angeles,Seattle",605504,thomadi01
1353,Lane Thomas,"Cleveland,St. Louis,Washington",657041,thomala02
1354,Bubba Thompson,"Cincinnati,Texas",669352,thompbu01
1355,Keegan Thompson,Chicago,624522,thompke02
1356,Trayce Thompson,"Chicago,Los Angeles,San Diego",572204,thomptr01
1357,Zach Thompson,Miami,605507,thompza01
1358,Michael Toglia,Colorado,669911,toglimi01
1359,Ka\'ai Tom,"Oakland,Pittsburgh,San Francisco",664789,tomka01
1360,Josh Tomlin,Atlanta,458708,tomlijo01
1361,Justin Topa,Milwaukee,623437,topaju01
1362,Spencer Torkelson,Detroit,679529,torkesp01
1363,Abraham Toro,"Houston,Milwaukee,Oakland,Seattle",647351,toroab01
1364,Luis Torrens,"Chicago,New York,Seattle",620443,torrelu01
1365,Gleyber Torres,New York,650402,torregl01
1366,Ronald Torreyes,Philadelphia,591720,torrero01
1367,Touki Toussaint,Atlanta,657053,toussto01
1368,Ezequiel Tovar,Colorado,678662,tovarez01
1369,Wilfredo Tovar,New York,541600,tovarwi01
1370,Taylor Trammell,"Los Angeles,New York,Seattle",666211,trammta01
1371,Alan Trejo,Colorado,676701,trejoal01
1372,Jose Trevino,"New York,Texas",624431,trevijo01
1373,Jared Triolo,Pittsburgh,669707,triolja01
1374,Chadwick Tromp,"Atlanta,San Francisco",644433,trompch01
1375,Nick Tropeano,New York,607374,tropeni01
1376,Mike Trout,Los Angeles,545361,troutmi01
1377,Yoshi Tsutsugo,"Los Angeles,Pittsburgh,Tampa Bay",660294,tsutsyo01
1379,Cole Tucker,"Colorado,Los Angeles,Pittsburgh",657061,tuckeco01
1380,Kyle Tucker,Houston,663656,tuckeky01
1381,Brice Turang,Milwaukee,668930,turanbr02
1382,Justin Turner,"Boston,Los Angeles,Seattle,Toronto",457759,turneju01
1383,Trea Turner,"Los Angeles,Philadelphia,Washington",607208,turnetr01
1384,Edwin Uceta,Los Angeles,670955,ucetaed01
1385,Duane Underwood Jr.,Pittsburgh,621249,underdu01
1386,Justin Upton,"Los Angeles,Seattle",457708,uptonju01
1387,Jos\xc3\xa9 Ure\xc3\xb1a,Detroit,570632,urenajo01
1388,Julio Ur\xc3\xadas,Los Angeles,628711,uriasju01
1389,Luis Ur\xc3\xadas,"Boston,Milwaukee,Seattle",649966,uriaslu01
1390,Ram\xc3\xb3n Ur\xc3\xadas,Baltimore,602104,uriasra01
1391,Jos\xc3\xa9 Urquidy,Houston,664353,urquijo01
1392,Gio Urshela,"Atlanta,Detroit,Los Angeles,Minnesota,New York",570482,urshegi01
1393,Pat Valaika,Baltimore,642162,valaipa01
1394,Enmanuel Valdez,Boston,665839,valdeen01
1395,Framber Valdez,Houston,664285,valdefr01
1396,Breyvic Valera,Toronto,591971,valerbr01
1397,Josh VanMeter,"Arizona,Pittsburgh",642165,vanmejo01
1398,Ildemaro Vargas,"Arizona,Chicago,Pittsburgh,Washington",545121,vargail01
1399,Miguel Vargas,"Chicago,Los Angeles",678246,vargami01
1400,Daulton Varsho,"Arizona,Toronto",662139,varshda01
1401,Andrew Vaughn,Chicago,683734,vaughan01
1402,Terrin Vavra,Baltimore,679631,vavrate01
1403,Christian V\xc3\xa1zquez,"Boston,Houston,Minnesota",543877,vazquch01
1405,Luis V\xc3\xa1zquez,Chicago,676679,vazqulu01
1406,Vince Velasquez,"Philadelphia,San Diego",592826,velasvi01
1407,Andrew Velazquez,"Los Angeles,New York",623205,velazan01
1408,Nelson Vel\xc3\xa1zquez,"Chicago,Kansas City",676369,velazne01
1409,Alex Verdugo,"Boston,New York",657077,verdual01
1410,Alex Vesia,Los Angeles,681911,vesiaal01
1411,Mark Vientos,New York,668901,vientma01
1412,Matt Vierling,"Detroit,Philadelphia",663837,vierlma01
1413,Ryan Vilade,"Colorado,Detroit",668723,viladry01
1414,David Villar,San Francisco,681584,villada01
1415,Jonathan Villar,"Chicago,Los Angeles,New York",542340,villajo01
1416,Meibrys Viloria,"Cleveland,Texas",650619,vilorme01
1417,Daniel Vogelbach,"Milwaukee,New York,Pittsburgh,Toronto",596129,vogelda01
1418,Stephen Vogt,"Arizona,Atlanta,Oakland",519390,vogtst01
1419,Luke Voit,"Milwaukee,New York,San Diego,Washington",572228,voitlu01
1420,Anthony Volpe,New York,683011,volpean01
1421,Jason Vosler,"Cincinnati,San Francisco,Seattle",613564,vosleja01
1422,Austin Voth,Washington,608723,vothau01
1423,Joey Votto,Cincinnati,458015,vottojo01
1424,Michael Wacha,Tampa Bay,608379,wachami01
1425,Brandon Waddell,St. Louis,663399,waddebr01
1426,LaMonte Wade Jr.,San Francisco,664774,wadela01
1427,Tyler Wade,"Los Angeles,New York,Oakland,San Diego",642180,wadety01
1428,Eric Wagaman,Los Angeles,676572,wagamer01
1429,Will Wagner,Toronto,695238,wagnewi01
1431,Adam Wainwright,St. Louis,425794,wainwad01
1432,Christian Walker,Arizona,572233,walkech02
1433,Jordan Walker,St. Louis,691023,walkejo02
1434,Steele Walker,Texas,667727,walkest01
1435,Taijuan Walker,New York,592836,walketa01
1436,Forrest Wall,"Atlanta,Miami",657088,wallfo01
1437,Chad Wallach,"Los Angeles,Miami",595453,wallach01
1438,Matt Wallner,Minnesota,670242,wallnma01
1439,Taylor Walls,Tampa Bay,670764,wallsta01
1440,Jared Walsh,"Los Angeles,Texas",665120,walshja01
1441,Donovan Walton,"San Francisco,Seattle",622268,waltodo01
1442,Taylor Ward,Los Angeles,621493,wardta01
1443,Drew Waters,Kansas City,671221,waterdr01
1444,Tony Watson,Los Angeles,453265,watsoto01
1445,Ryan Weathers,San Diego,677960,weathry01
1446,Luke Weaver,Arizona,596133,weavelu01
1447,Jacob Webb,Atlanta,657097,webbja01
1448,Logan Webb,San Francisco,657277,webblo01
1449,Tyler Webb,St. Louis,643778,webbty01
1450,Colton Welker,Colorado,666213,welkeco01
1451,Austin Wells,New York,669224,wellsau01
1452,Joey Wendle,"Miami,New York,Tampa Bay",621563,wendljo01
1453,Davis Wendzel,Texas,673995,wendzda01
1454,Jamie Westbrook,Boston,642197,westbja02
1455,Jordan Westburg,Baltimore,676059,westbjo01
1457,Zack Wheeler,Philadelphia,554430,wheelza01
1458,Shay Whitcomb,Houston,694376,whitcsh01
1459,Eli White,"Atlanta,Texas",642201,whiteel04
1460,Evan White,Seattle,657108,whiteev01
1461,Mitch White,Los Angeles,669952,whitemi03
1462,Aaron Whitefield,Los Angeles,664334,whiteaa01
1463,Garrett Whitlock,Boston,676477,whitlga01
1464,Taylor Widener,Arizona,642203,widenta01
1465,Joey Wiemer,"Cincinnati,Milwaukee",686894,wiemejo01
1466,Stevie Wilkerson,Baltimore,592859,wilkest01
1467,Alika Williams,Pittsburgh,675961,willial04
1468,Justin Williams,St. Louis,642211,williju02
1469,Luke Williams,"Atlanta,Los Angeles,Miami,Philadelphia,San Francisco",663897,willilu01
1470,Mason Williams,New York,592863,willima10
1471,Nick Williams,Chicago,608384,willini01
1472,Trevor Williams,"Chicago,New York",592866,willitr01
1473,Bryse Wilson,"Atlanta,Pittsburgh",669060,wilsobr02
1474,Cody Wilson,Washington,680963,wilsoco01
1475,Jacob Wilson,"Houston,Oakland",607111,wilsoja04
1476,Jacob Wilson,Oakland,805779,wilsoja05
1477,Marcus Wilson,Seattle,657129,wilsoma02
1478,Weston Wilson,Philadelphia,642215,wilsowe01
1479,Jesse Winker,"Cincinnati,Milwaukee,New York,Seattle,Washington",608385,winkeje01
1480,Dan Winkler,Chicago,595465,winklda01
1481,Masyn Winn,St. Louis,691026,winnma01
1483,Patrick Wisdom,Chicago,621550,wisdopa01
1484,Brett Wisely,San Francisco,689172,wiselbr01
1485,Matt Wisler,San Francisco,605538,wislema01
1486,Bobby Witt Jr.,Kansas City,677951,wittbo02
1487,Tony Wolters,"Chicago,Los Angeles",547172,wolteto01
1488,Connor Wong,Boston,657136,wongco01
1489,Kean Wong,Los Angeles,642221,wongke01
1490,Kolten Wong,"Los Angeles,Milwaukee,Seattle",543939,wongko01
1491,Alex Wood,San Francisco,622072,woodal02
1492,James Wood,Washington,695578,woodja03
1493,Jake Woodford,St. Louis,663765,woodfja01
1494,Brandon Woodruff,Milwaukee,605540,woodrbr01
1495,Kyle Wright,Atlanta,657140,wrighky01
1496,Austin Wynns,"Baltimore,Cincinnati,Colorado,Los Angeles,San Francisco",642851,wynnsau01
1497,Miguel Yajure,Pittsburgh,664337,yajurmi01
1498,Jordan Yamamoto,New York,657141,yamamjo01
1499,Eric Yang,Cincinnati,687066,yanger01
1500,Ryan Yarbrough,Tampa Bay,642232,yarbrry01
1501,Mike Yastrzemski,San Francisco,573262,yastrmi01
1502,Christian Yelich,Milwaukee,592885,yelicch01
1503,Juan Yepez,"St. Louis,Washington",660766,yepezju01
1504,Huascar Ynoa,Atlanta,660623,ynoahu01
1505,Nick Yorke,Pittsburgh,694377,yorkeni01
1506,Masataka Yoshida,Boston,807799,yoshima02
1507,Alex Young,Arizona,622065,youngal01
1509,Andrew Young,Arizona,670370,youngan02
1510,Jacob Young,Washington,696285,youngja03
1511,Jared Young,Chicago,676724,youngja02
1512,Seby Zavala,"Arizona,Chicago,Seattle",664874,zavalse01
1513,Bradley Zimmer,"Cleveland,Philadelphia,Toronto",605548,zimmebr01
1514,Ryan Zimmerman,Washington,475582,zimmery01
1515,Bruce Zimmermann,Baltimore,669145,zimmebr02
1516,Jordan Zimmermann,Milwaukee,519455,zimmejo02
1517,Tyler Zuber,Kansas City,676604,zuberty01
1518,Mike Zunino,"Cleveland,Tampa Bay",572287,zuninmi01
